,close
2001-04-19,1.5283
2001-04-20,1.5290000000000001
2001-04-23,1.5295
2001-04-24,1.5327
2001-04-25,1.531
2001-04-26,1.5383
2001-04-27,1.5385
2001-04-30,1.5388
2001-05-01,1.5417
2001-05-02,1.5428
2001-05-03,1.5419999999999998
2001-05-04,1.5443
2001-05-07,1.5419999999999998
2001-05-08,1.541
2001-05-09,1.5417
2001-05-10,1.5361
2001-05-11,1.5326
2001-05-14,1.5319999999999998
2001-05-15,1.5321
2001-05-16,1.5319999999999998
2001-05-17,1.5348
2001-05-18,1.534
2001-05-21,1.5319
2001-05-22,1.5285
2001-05-23,1.524
2001-05-24,1.5234
2001-05-25,1.5263
2001-05-28,1.5283
2001-05-29,1.5234
2001-05-30,1.5235
2001-05-31,1.5197
2001-06-01,1.5202
2001-06-04,1.517
2001-06-05,1.5168
2001-06-06,1.5190000000000001
2001-06-07,1.5247
2001-06-08,1.5248
2001-06-11,1.521
2001-06-12,1.5233
2001-06-13,1.527
2001-06-14,1.5282
2001-06-15,1.5319
2001-06-18,1.5292
2001-06-19,1.5289
2001-06-20,1.5255
2001-06-21,1.5194
2001-06-22,1.5195
2001-06-25,1.5202
2001-06-26,1.5230000000000001
2001-06-27,1.5213
2001-06-28,1.5197
2001-06-29,1.5230000000000001
2001-07-02,1.5211
2001-07-03,1.5216
2001-07-04,1.5226
2001-07-05,1.5211
2001-07-06,1.5196
2001-07-09,1.5226
2001-07-10,1.5218
2001-07-11,1.5174
2001-07-12,1.5111
2001-07-13,1.5127
2001-07-16,1.5125
2001-07-17,1.508
2001-07-18,1.5032
2001-07-19,1.5046
2001-07-20,1.504
2001-07-23,1.5059
2001-07-24,1.5047
2001-07-25,1.5089
2001-07-26,1.5095
2001-07-27,1.5096
2001-07-30,1.5102
2001-07-31,1.5118
2001-08-01,1.5096
2001-08-02,1.5096
2001-08-03,1.5089
2001-08-06,1.5072
2001-08-07,1.5061
2001-08-08,1.5047
2001-08-09,1.5053
2001-08-10,1.5127
2001-08-13,1.5161
2001-08-14,1.5173
2001-08-15,1.5177
2001-08-16,1.5190000000000001
2001-08-17,1.5191
2001-08-20,1.5183
2001-08-21,1.5168
2001-08-22,1.5219999999999998
2001-08-23,1.5197
2001-08-24,1.5196
2001-08-27,1.5197
2001-08-28,1.5161
2001-08-29,1.5177
2001-08-30,1.5147
2001-08-31,1.5161
2001-09-03,1.5154
2001-09-04,1.5132
2001-09-05,1.5118
2001-09-06,1.5117
2001-09-10,1.5168
2001-09-11,1.4982
2001-09-12,1.5045
2001-09-13,1.5023
2001-09-14,1.494
2001-09-18,1.48
2001-09-19,1.4752
2001-09-21,1.4414
2001-09-25,1.4680000000000002
2001-09-26,1.4763
2001-09-27,1.4807
2001-09-28,1.4742
2001-10-01,1.4824
2001-10-03,1.4842
2001-10-04,1.4852
2001-10-05,1.4835
2001-10-08,1.4808
2001-10-09,1.4836
2001-10-10,1.4828
2001-10-11,1.4852
2001-10-12,1.4808
2001-10-15,1.4780000000000002
2001-10-16,1.4835
2001-10-17,1.4802
2001-10-18,1.4779
2001-10-19,1.4767
2001-10-22,1.4785
2001-10-23,1.4787
2001-10-24,1.4803
2001-10-25,1.4757
2001-10-26,1.4742
2001-10-29,1.473
2001-10-30,1.4692
2001-10-31,1.4701
2001-11-01,1.4723
2001-11-02,1.4723
2001-11-05,1.4721
2001-11-06,1.4709
2001-11-07,1.4689
2001-11-08,1.4658
2001-11-09,1.4651
2001-11-12,1.4636
2001-11-13,1.4706
2001-11-14,1.4686
2001-11-15,1.4644
2001-11-16,1.4656
2001-11-19,1.4586
2001-11-20,1.4559
2001-11-21,1.4536
2001-11-22,1.4586
2001-11-23,1.4629
2001-11-26,1.4637
2001-11-27,1.463
2001-11-28,1.4615
2001-11-29,1.4693
2001-11-30,1.4701
2001-12-03,1.4752
2001-12-04,1.4716
2001-12-05,1.4739
2001-12-06,1.4737
2001-12-07,1.4752
2001-12-10,1.4802
2001-12-11,1.4751
2001-12-12,1.4746
2001-12-13,1.475
2001-12-14,1.473
2001-12-17,1.4752
2001-12-18,1.4752
2001-12-19,1.4746
2001-12-20,1.4677
2001-12-21,1.4672
2001-12-24,1.4845
2001-12-25,1.4788
2001-12-26,1.4868
2001-12-27,1.4817
2001-12-28,1.4803
2001-12-31,1.4773
2002-01-01,1.4837
2002-01-03,1.4831
2002-01-04,1.4780000000000002
2002-01-07,1.4737
2002-01-08,1.4772
2002-01-09,1.4802
2002-01-10,1.4809
2002-01-11,1.4767
2002-01-14,1.4808
2002-01-15,1.4767
2002-01-16,1.4665
2002-01-17,1.4681
2002-01-18,1.4686
2002-01-21,1.4673
2002-01-22,1.4716
2002-01-23,1.4678
2002-01-24,1.4701
2002-01-25,1.4735
2002-01-28,1.4703
2002-01-29,1.4713
2002-01-30,1.4723
2002-01-31,1.4764
2002-02-01,1.4780000000000002
2002-02-04,1.4772
2002-02-05,1.473
2002-02-06,1.4713
2002-02-07,1.4709999999999999
2002-02-08,1.475
2002-02-11,1.4766
2002-02-12,1.4785
2002-02-13,1.4809
2002-02-14,1.4831
2002-02-15,1.4814
2002-02-18,1.4801
2002-02-19,1.4780000000000002
2002-02-20,1.4794
2002-02-21,1.4795
2002-02-22,1.4788
2002-02-25,1.4751
2002-02-26,1.4752
2002-02-27,1.4753
2002-02-28,1.4746
2002-03-01,1.4759
2002-03-04,1.4766
2002-03-05,1.4771
2002-03-06,1.4749
2002-03-07,1.4716
2002-03-08,1.4744
2002-03-11,1.47
2002-03-12,1.4692
2002-03-13,1.4671
2002-03-14,1.4601
2002-03-15,1.4615
2002-03-18,1.4635
2002-03-19,1.4637
2002-03-20,1.463
2002-03-21,1.4613
2002-03-22,1.4608
2002-03-25,1.4614
2002-03-26,1.4627
2002-03-27,1.4643
2002-03-28,1.4651
2002-03-29,1.4657
2002-04-01,1.4628
2002-04-02,1.4627
2002-04-03,1.4609999999999999
2002-04-04,1.4609999999999999
2002-04-05,1.463
2002-04-08,1.4644
2002-04-09,1.4664
2002-04-10,1.4674
2002-04-11,1.4649
2002-04-12,1.4652
2002-04-15,1.4671
2002-04-16,1.4680000000000002
2002-04-17,1.4689
2002-04-18,1.4665
2002-04-19,1.4666
2002-04-22,1.4685
2002-04-23,1.4665
2002-04-24,1.4653
2002-04-25,1.4628
2002-04-26,1.463
2002-04-29,1.4624
2002-04-30,1.4578
2002-05-01,1.4509
2002-05-02,1.4523
2002-05-03,1.4551
2002-05-06,1.4559
2002-05-07,1.4538
2002-05-08,1.4551
2002-05-09,1.4526
2002-05-10,1.4536
2002-05-13,1.4543
2002-05-14,1.4569
2002-05-15,1.4543
2002-05-16,1.4557
2002-05-17,1.4541
2002-05-20,1.4522
2002-05-21,1.45
2002-05-22,1.4527
2002-05-23,1.4534
2002-05-24,1.4579
2002-05-27,1.4580000000000002
2002-05-28,1.4615
2002-05-29,1.4665
2002-05-30,1.4637
2002-05-31,1.4634
2002-06-03,1.4673
2002-06-04,1.4695
2002-06-05,1.4701
2002-06-06,1.473
2002-06-07,1.4687
2002-06-10,1.4716
2002-06-11,1.4739
2002-06-12,1.4779
2002-06-13,1.4752
2002-06-14,1.4742
2002-06-17,1.4758
2002-06-18,1.475
2002-06-19,1.4707
2002-06-20,1.4709
2002-06-21,1.4666
2002-06-24,1.4684
2002-06-25,1.4674
2002-06-26,1.4686
2002-06-27,1.4737
2002-06-28,1.4701
2002-07-01,1.4687
2002-07-02,1.4651
2002-07-03,1.4637
2002-07-04,1.4648
2002-07-05,1.4659
2002-07-08,1.4694
2002-07-09,1.4731
2002-07-10,1.4709999999999999
2002-07-11,1.4658
2002-07-12,1.4689
2002-07-15,1.4659
2002-07-16,1.4667
2002-07-17,1.4657
2002-07-18,1.4644
2002-07-19,1.4608
2002-07-22,1.4559
2002-07-23,1.4538
2002-07-24,1.4469999999999998
2002-07-25,1.4466
2002-07-26,1.4466
2002-07-29,1.4572
2002-07-30,1.4579
2002-07-31,1.4527
2002-08-01,1.449
2002-08-02,1.4505
2002-08-05,1.4535
2002-08-06,1.4565
2002-08-07,1.4577
2002-08-08,1.4622
2002-08-09,1.4586
2002-08-12,1.4617
2002-08-13,1.4617
2002-08-14,1.4609999999999999
2002-08-15,1.4623
2002-08-16,1.4663
2002-08-19,1.4673
2002-08-20,1.4680000000000002
2002-08-21,1.4680000000000002
2002-08-22,1.4722
2002-08-23,1.472
2002-08-26,1.4709
2002-08-27,1.4673
2002-08-28,1.4693
2002-08-29,1.4709
2002-08-30,1.4706
2002-09-02,1.4715
2002-09-03,1.4665
2002-09-04,1.4641
2002-09-05,1.4599
2002-09-06,1.4577
2002-09-09,1.4579
2002-09-10,1.4592
2002-09-11,1.4652
2002-09-12,1.4693
2002-09-13,1.4673
2002-09-16,1.4685
2002-09-17,1.4702
2002-09-18,1.4680000000000002
2002-09-19,1.4622
2002-09-20,1.4644
2002-09-23,1.4634
2002-09-24,1.463
2002-09-25,1.4637
2002-09-26,1.466
2002-09-27,1.465
2002-09-30,1.4562
2002-10-01,1.4606
2002-10-02,1.4586
2002-10-03,1.4594
2002-10-04,1.4615
2002-10-07,1.4622
2002-10-08,1.4657
2002-10-09,1.4644
2002-10-10,1.463
2002-10-11,1.4635
2002-10-14,1.4614
2002-10-15,1.4672
2002-10-16,1.466
2002-10-17,1.4685
2002-10-18,1.4694
2002-10-21,1.47
2002-10-22,1.4674
2002-10-23,1.4680000000000002
2002-10-24,1.4671
2002-10-25,1.4657
2002-10-28,1.4645
2002-10-29,1.463
2002-10-30,1.4645
2002-10-31,1.4622
2002-11-01,1.4609999999999999
2002-11-04,1.4627
2002-11-05,1.4623
2002-11-06,1.4608
2002-11-07,1.4637
2002-11-08,1.4616
2002-11-11,1.4623
2002-11-12,1.4622
2002-11-13,1.4665
2002-11-14,1.4658
2002-11-15,1.4651
2002-11-18,1.4671
2002-11-19,1.4680000000000002
2002-11-20,1.4684
2002-11-21,1.4689
2002-11-22,1.4723
2002-11-25,1.473
2002-11-26,1.4732
2002-11-27,1.4744
2002-11-28,1.4757
2002-11-29,1.4744
2002-12-02,1.4717
2002-12-03,1.4709999999999999
2002-12-04,1.4708
2002-12-05,1.4716
2002-12-06,1.4714
2002-12-09,1.4724
2002-12-10,1.4731
2002-12-11,1.4738
2002-12-12,1.4766
2002-12-13,1.4766
2002-12-16,1.475
2002-12-17,1.4680000000000002
2002-12-18,1.4627
2002-12-19,1.4609
2002-12-20,1.4621
2002-12-23,1.4565
2002-12-24,1.4513
2002-12-25,1.4514
2002-12-26,1.453
2002-12-27,1.4515
2002-12-30,1.4535
2002-12-31,1.45
2003-01-01,1.4529
2003-01-02,1.4522
2003-01-03,1.4564
2003-01-06,1.4574
2003-01-07,1.4585
2003-01-08,1.4566
2003-01-09,1.4586
2003-01-10,1.4594
2003-01-13,1.4609999999999999
2003-01-14,1.4628
2003-01-15,1.4616
2003-01-16,1.4601
2003-01-17,1.4609
2003-01-20,1.4613
2003-01-21,1.4608
2003-01-22,1.4634
2003-01-23,1.4645
2003-01-24,1.4651
2003-01-27,1.4684
2003-01-28,1.4692
2003-01-29,1.4694
2003-01-30,1.4674
2003-01-31,1.4680000000000002
2003-02-03,1.4673
2003-02-04,1.4648
2003-02-05,1.4687
2003-02-06,1.4663
2003-02-07,1.4665
2003-02-10,1.4665
2003-02-11,1.4678
2003-02-12,1.4688
2003-02-13,1.4680000000000002
2003-02-14,1.4699
2003-02-17,1.4709999999999999
2003-02-18,1.472
2003-02-19,1.4709
2003-02-20,1.4680000000000002
2003-02-21,1.4695
2003-02-24,1.4649
2003-02-25,1.4601
2003-02-26,1.4629
2003-02-27,1.4615
2003-02-28,1.4602
2003-03-03,1.4579
2003-03-04,1.4579
2003-03-05,1.4581
2003-03-06,1.4642
2003-03-07,1.4694
2003-03-10,1.4653
2003-03-11,1.4672
2003-03-12,1.4687
2003-03-13,1.4673
2003-03-14,1.4667
2003-03-17,1.4673
2003-03-18,1.4701
2003-03-19,1.473
2003-03-20,1.4725
2003-03-21,1.4764
2003-03-24,1.4737
2003-03-25,1.473
2003-03-26,1.4766
2003-03-27,1.4785
2003-03-28,1.4764
2003-03-31,1.4751
2003-04-01,1.4775
2003-04-02,1.4852
2003-04-03,1.4831
2003-04-04,1.4865
2003-04-07,1.4842
2003-04-08,1.4857
2003-04-09,1.4865
2003-04-10,1.496
2003-04-11,1.4975
2003-04-14,1.4966
2003-04-15,1.5029
2003-04-16,1.4954
2003-04-17,1.5025
2003-04-18,1.5019
2003-04-21,1.5084
2003-04-22,1.5044
2003-04-23,1.5068
2003-04-24,1.5009
2003-04-25,1.5017
2003-04-28,1.5057
2003-04-29,1.5072
2003-04-30,1.5135
2003-05-01,1.5113
2003-05-02,1.5094
2003-05-05,1.514
2003-05-06,1.514
2003-05-07,1.5025
2003-05-08,1.5088
2003-05-09,1.5085
2003-05-12,1.5145
2003-05-13,1.5130000000000001
2003-05-14,1.5123
2003-05-15,1.508
2003-05-16,1.5123
2003-05-19,1.5115
2003-05-20,1.5112
2003-05-21,1.5142
2003-05-22,1.5141
2003-05-23,1.5232
2003-05-26,1.5278
2003-05-27,1.5218
2003-05-28,1.5228
2003-05-29,1.5271
2003-05-30,1.5292
2003-06-02,1.5275
2003-06-03,1.5373
2003-06-04,1.5356
2003-06-05,1.5390000000000001
2003-06-06,1.544
2003-06-09,1.5392
2003-06-10,1.5364
2003-06-11,1.537
2003-06-12,1.5409
2003-06-13,1.5407
2003-06-16,1.5432
2003-06-17,1.5417
2003-06-18,1.5449
2003-06-19,1.5389
2003-06-20,1.5421
2003-06-23,1.5288
2003-06-24,1.5289
2003-06-25,1.5343
2003-06-26,1.5435
2003-06-27,1.5425
2003-06-30,1.5543
2003-07-01,1.551
2003-07-02,1.551
2003-07-03,1.5490000000000002
2003-07-04,1.5489
2003-07-07,1.5538
2003-07-08,1.5482
2003-07-09,1.5428
2003-07-10,1.5494
2003-07-11,1.5533
2003-07-14,1.5493
2003-07-15,1.5474
2003-07-16,1.5416
2003-07-17,1.5353
2003-07-18,1.5347
2003-07-21,1.5346
2003-07-22,1.5422
2003-07-23,1.545
2003-07-24,1.5436
2003-07-25,1.5456
2003-07-28,1.5453
2003-07-29,1.5475
2003-07-30,1.5492
2003-07-31,1.5393
2003-08-01,1.5377
2003-08-04,1.5275
2003-08-05,1.5319
2003-08-06,1.5332
2003-08-07,1.5359
2003-08-08,1.5372
2003-08-11,1.5422
2003-08-12,1.5442
2003-08-13,1.5462
2003-08-14,1.5444
2003-08-15,1.5447
2003-08-18,1.5484
2003-08-19,1.5461
2003-08-20,1.5418
2003-08-21,1.5430000000000001
2003-08-22,1.5419999999999998
2003-08-25,1.5389
2003-08-26,1.5332
2003-08-27,1.5379
2003-08-28,1.5390000000000001
2003-08-29,1.5375
2003-09-01,1.5352
2003-09-02,1.5327
2003-09-03,1.5337
2003-09-04,1.5376
2003-09-05,1.5352
2003-09-08,1.5394
2003-09-09,1.5472
2003-09-10,1.5507
2003-09-11,1.5489
2003-09-12,1.5562
2003-09-15,1.5563
2003-09-16,1.5527
2003-09-17,1.554
2003-09-18,1.5578
2003-09-19,1.5535
2003-09-22,1.5509
2003-09-23,1.5544
2003-09-24,1.5521
2003-09-25,1.5451
2003-09-26,1.5407
2003-09-29,1.5383
2003-09-30,1.536
2003-10-01,1.5389
2003-10-02,1.5392
2003-10-03,1.5457
2003-10-06,1.5447
2003-10-07,1.5485
2003-10-08,1.5501
2003-10-09,1.547
2003-10-10,1.5475
2003-10-13,1.5477
2003-10-14,1.5446
2003-10-15,1.5477
2003-10-16,1.5472
2003-10-17,1.5505
2003-10-20,1.5495
2003-10-21,1.5517
2003-10-22,1.5505
2003-10-23,1.5476
2003-10-24,1.546
2003-10-27,1.5469
2003-10-28,1.5516
2003-10-29,1.5518
2003-10-30,1.5483
2003-10-31,1.5519999999999998
2003-11-03,1.5586
2003-11-04,1.5649
2003-11-05,1.5653
2003-11-06,1.5707
2003-11-07,1.5701
2003-11-10,1.5718
2003-11-11,1.5671
2003-11-12,1.5715
2003-11-13,1.5694
2003-11-14,1.5619999999999998
2003-11-17,1.5548
2003-11-18,1.5457
2003-11-19,1.5532
2003-11-20,1.5472
2003-11-21,1.5461
2003-11-24,1.5535
2003-11-25,1.5531
2003-11-26,1.5433
2003-11-27,1.5479
2003-11-28,1.5474
2003-12-01,1.5531
2003-12-02,1.5559
2003-12-03,1.5590000000000002
2003-12-04,1.556
2003-12-05,1.55
2003-12-08,1.5481
2003-12-09,1.5459
2003-12-10,1.5474
2003-12-11,1.5487
2003-12-12,1.5506
2003-12-15,1.551
2003-12-16,1.5528
2003-12-17,1.5549
2003-12-18,1.5521
2003-12-19,1.5536
2003-12-22,1.5590000000000002
2003-12-23,1.5598
2003-12-24,1.5531
2003-12-25,1.5532
2003-12-26,1.5582
2003-12-29,1.5591
2003-12-30,1.5587
2003-12-31,1.5595
2004-01-01,1.5604
2004-01-02,1.5588
2004-01-05,1.5627
2004-01-06,1.5677
2004-01-07,1.5671
2004-01-08,1.5653
2004-01-09,1.5673
2004-01-12,1.5646
2004-01-13,1.5588
2004-01-14,1.5585
2004-01-15,1.5668
2004-01-16,1.5687
2004-01-19,1.5684
2004-01-20,1.5685
2004-01-21,1.5667
2004-01-22,1.568
2004-01-23,1.5636
2004-01-26,1.5667
2004-01-27,1.5674
2004-01-28,1.5666
2004-01-29,1.5629
2004-01-30,1.5679
2004-02-02,1.5666
2004-02-03,1.5666
2004-02-04,1.5673
2004-02-05,1.5683
2004-02-06,1.5662
2004-02-09,1.5681
2004-02-10,1.5683
2004-02-11,1.5774
2004-02-12,1.5764
2004-02-13,1.5774
2004-02-16,1.5751
2004-02-17,1.5753
2004-02-18,1.575
2004-02-19,1.5751
2004-02-20,1.5783
2004-02-23,1.5777
2004-02-24,1.574
2004-02-25,1.5739
2004-02-26,1.5759999999999998
2004-02-27,1.5759999999999998
2004-03-01,1.5775
2004-03-02,1.5821
2004-03-03,1.5781
2004-03-04,1.5765
2004-03-05,1.5792
2004-03-08,1.5806
2004-03-09,1.5778
2004-03-10,1.5759999999999998
2004-03-11,1.5671
2004-03-12,1.5676
2004-03-15,1.5653
2004-03-16,1.5665
2004-03-17,1.5624
2004-03-18,1.5568
2004-03-19,1.5583
2004-03-22,1.5528
2004-03-23,1.5516
2004-03-24,1.5475
2004-03-25,1.5527
2004-03-26,1.5581
2004-03-29,1.5604
2004-03-30,1.5597
2004-03-31,1.5581
2004-04-01,1.5611
2004-04-02,1.5661
2004-04-05,1.567
2004-04-06,1.5613
2004-04-07,1.5537
2004-04-08,1.5491
2004-04-09,1.5499
2004-04-12,1.5471
2004-04-13,1.5514
2004-04-14,1.5528
2004-04-15,1.5524
2004-04-16,1.5519999999999998
2004-04-19,1.5511
2004-04-20,1.5565
2004-04-21,1.5542
2004-04-22,1.5564
2004-04-23,1.5569
2004-04-26,1.5503
2004-04-27,1.5474
2004-04-28,1.546
2004-04-29,1.5442
2004-04-30,1.5518
2004-05-03,1.5529
2004-05-04,1.5496
2004-05-05,1.5507
2004-05-06,1.5505
2004-05-07,1.5465
2004-05-10,1.5381
2004-05-11,1.5385
2004-05-12,1.5394
2004-05-13,1.5390000000000001
2004-05-14,1.5392
2004-05-17,1.5341
2004-05-18,1.5334
2004-05-19,1.5348
2004-05-20,1.5371
2004-05-21,1.5368
2004-05-24,1.5346
2004-05-25,1.5388
2004-05-26,1.5392
2004-05-27,1.5267
2004-05-28,1.5302
2004-05-31,1.5281
2004-06-01,1.5246
2004-06-02,1.5268
2004-06-03,1.5281
2004-06-04,1.5224
2004-06-07,1.5237
2004-06-08,1.5179
2004-06-09,1.5117
2004-06-10,1.5067
2004-06-11,1.5123
2004-06-14,1.5137
2004-06-15,1.5176
2004-06-16,1.5217
2004-06-17,1.508
2004-06-18,1.5109
2004-06-21,1.5083
2004-06-22,1.5136
2004-06-23,1.5147
2004-06-24,1.5132
2004-06-25,1.5188
2004-06-28,1.5207
2004-06-29,1.5293
2004-06-30,1.5235
2004-07-01,1.5193
2004-07-02,1.5181
2004-07-05,1.5189
2004-07-06,1.5198
2004-07-07,1.5183
2004-07-08,1.5172
2004-07-09,1.5181
2004-07-12,1.5192
2004-07-13,1.5237
2004-07-14,1.5221
2004-07-15,1.5291
2004-07-16,1.5238
2004-07-19,1.5273
2004-07-20,1.5338
2004-07-21,1.5336
2004-07-22,1.5301
2004-07-23,1.5337
2004-07-26,1.535
2004-07-27,1.5377
2004-07-28,1.5377
2004-07-29,1.5427
2004-07-30,1.5391
2004-08-02,1.5375
2004-08-03,1.5409
2004-08-04,1.5368
2004-08-05,1.5379
2004-08-06,1.535
2004-08-09,1.5378
2004-08-10,1.5436
2004-08-11,1.5409
2004-08-12,1.5379
2004-08-13,1.531
2004-08-16,1.5326
2004-08-17,1.5356
2004-08-18,1.5351
2004-08-19,1.5367
2004-08-20,1.5401
2004-08-23,1.5414
2004-08-24,1.5368
2004-08-25,1.5382
2004-08-26,1.54
2004-08-27,1.5401
2004-08-30,1.5411
2004-08-31,1.5421
2004-09-01,1.5347
2004-09-02,1.5345
2004-09-03,1.5315
2004-09-06,1.5324
2004-09-07,1.5338
2004-09-08,1.5352
2004-09-09,1.5403
2004-09-10,1.5419999999999998
2004-09-13,1.5428
2004-09-14,1.5421
2004-09-15,1.5428
2004-09-16,1.5439
2004-09-17,1.5448
2004-09-20,1.5483
2004-09-21,1.5452
2004-09-22,1.5447
2004-09-23,1.5465
2004-09-24,1.5472
2004-09-27,1.5493
2004-09-28,1.5506
2004-09-29,1.5523
2004-09-30,1.5479
2004-10-01,1.5505
2004-10-04,1.5526
2004-10-05,1.5530000000000002
2004-10-06,1.5534
2004-10-07,1.5523
2004-10-08,1.5506
2004-10-11,1.5489
2004-10-12,1.5485
2004-10-13,1.5452
2004-10-14,1.5419
2004-10-15,1.5375
2004-10-18,1.5377
2004-10-19,1.538
2004-10-20,1.5369
2004-10-21,1.5355
2004-10-22,1.5357
2004-10-25,1.5314
2004-10-26,1.5324
2004-10-27,1.5332
2004-10-28,1.5282
2004-10-29,1.5271
2004-11-01,1.5321
2004-11-02,1.5325
2004-11-03,1.5297
2004-11-04,1.5282
2004-11-05,1.5253
2004-11-08,1.5257
2004-11-09,1.5259
2004-11-10,1.5217
2004-11-11,1.5189
2004-11-12,1.5188
2004-11-15,1.5262
2004-11-16,1.5239
2004-11-17,1.5141
2004-11-18,1.5164
2004-11-19,1.5123
2004-11-22,1.5157
2004-11-23,1.5149
2004-11-24,1.5093
2004-11-25,1.5098
2004-11-26,1.5131
2004-11-29,1.5154
2004-11-30,1.514
2004-12-01,1.5197
2004-12-02,1.5268
2004-12-03,1.5211
2004-12-06,1.5289
2004-12-07,1.5307
2004-12-08,1.5317
2004-12-09,1.5302
2004-12-10,1.535
2004-12-13,1.5344
2004-12-14,1.5344
2004-12-15,1.5290000000000001
2004-12-16,1.5319999999999998
2004-12-17,1.5377
2004-12-20,1.5378
2004-12-21,1.5407
2004-12-22,1.5424
2004-12-23,1.544
2004-12-24,1.5449
2004-12-27,1.5452
2004-12-28,1.5436
2004-12-29,1.5414
2004-12-30,1.5430000000000001
2004-12-31,1.5457
2005-01-03,1.5447
2005-01-04,1.5505
2005-01-05,1.5489
2005-01-06,1.546
2005-01-07,1.5463
2005-01-10,1.5459
2005-01-11,1.5498
2005-01-12,1.5473
2005-01-13,1.5483
2005-01-14,1.5466
2005-01-17,1.5452
2005-01-18,1.5432
2005-01-19,1.5417
2005-01-20,1.5419999999999998
2005-01-21,1.5456
2005-01-24,1.5446
2005-01-25,1.5476
2005-01-26,1.5467
2005-01-27,1.5437
2005-01-28,1.5459
2005-01-31,1.5488
2005-02-01,1.5525
2005-02-02,1.5533
2005-02-03,1.5588
2005-02-04,1.5576
2005-02-07,1.5604
2005-02-08,1.5590000000000002
2005-02-09,1.5571
2005-02-10,1.5547
2005-02-11,1.5566
2005-02-14,1.5534
2005-02-15,1.5488
2005-02-16,1.5468
2005-02-17,1.5458
2005-02-18,1.5454
2005-02-21,1.544
2005-02-22,1.5355
2005-02-23,1.5367
2005-02-24,1.5424
2005-02-25,1.5387
2005-02-28,1.5371
2005-03-01,1.5356
2005-03-02,1.5419999999999998
2005-03-03,1.5476
2005-03-04,1.5477
2005-03-07,1.5526
2005-03-08,1.5493
2005-03-09,1.5504
2005-03-10,1.5482
2005-03-11,1.5477
2005-03-14,1.5499
2005-03-15,1.5505
2005-03-16,1.546
2005-03-17,1.5468
2005-03-18,1.5504
2005-03-21,1.5499
2005-03-22,1.5539
2005-03-23,1.5522
2005-03-24,1.5542
2005-03-25,1.5528
2005-03-28,1.5523
2005-03-29,1.5527
2005-03-30,1.5492
2005-03-31,1.5504
2005-04-01,1.5523
2005-04-04,1.5534
2005-04-05,1.5506
2005-04-06,1.5511
2005-04-07,1.5512
2005-04-08,1.5483
2005-04-11,1.5483
2005-04-12,1.5485
2005-04-13,1.5496
2005-04-14,1.5547
2005-04-15,1.548
2005-04-18,1.5449
2005-04-19,1.5427
2005-04-20,1.5404
2005-04-21,1.5430000000000001
2005-04-22,1.5433
2005-04-25,1.5429
2005-04-26,1.5405
2005-04-27,1.5409
2005-04-28,1.5381
2005-04-29,1.5383
2005-05-02,1.5397
2005-05-03,1.5428
2005-05-04,1.5426
2005-05-05,1.5457
2005-05-06,1.5494
2005-05-09,1.548
2005-05-10,1.5457
2005-05-11,1.5439
2005-05-12,1.5422
2005-05-13,1.5446
2005-05-16,1.5442
2005-05-17,1.5435
2005-05-18,1.5430000000000001
2005-05-19,1.5442
2005-05-20,1.5476
2005-05-23,1.5476
2005-05-24,1.546
2005-05-25,1.546
2005-05-26,1.5461
2005-05-27,1.5481
2005-05-30,1.5454
2005-05-31,1.5352
2005-06-01,1.5314
2005-06-02,1.5356
2005-06-03,1.5295
2005-06-06,1.5315
2005-06-07,1.5296
2005-06-08,1.5345
2005-06-09,1.5338
2005-06-10,1.5377
2005-06-13,1.5387
2005-06-14,1.5371
2005-06-15,1.5395
2005-06-16,1.54
2005-06-17,1.5448
2005-06-20,1.5439
2005-06-21,1.5409
2005-06-22,1.5423
2005-06-23,1.5396
2005-06-24,1.5399
2005-06-27,1.5426
2005-06-28,1.5449
2005-06-29,1.5476
2005-06-30,1.5505
2005-07-01,1.5467
2005-07-04,1.5513
2005-07-05,1.5525
2005-07-06,1.5536
2005-07-07,1.5513
2005-07-08,1.5545
2005-07-11,1.5537
2005-07-12,1.5548
2005-07-13,1.5582
2005-07-14,1.5586
2005-07-15,1.5591
2005-07-18,1.5595
2005-07-19,1.5637
2005-07-20,1.561
2005-07-21,1.5625
2005-07-22,1.5634
2005-07-25,1.5616
2005-07-26,1.5616
2005-07-27,1.5616
2005-07-28,1.5595
2005-07-29,1.5624
2005-08-01,1.5575
2005-08-02,1.5562
2005-08-03,1.5556
2005-08-04,1.5572
2005-08-05,1.5598
2005-08-08,1.5573
2005-08-09,1.5578
2005-08-10,1.5552
2005-08-11,1.5530000000000002
2005-08-12,1.5509
2005-08-15,1.5518
2005-08-16,1.5508
2005-08-17,1.5486
2005-08-18,1.5477
2005-08-19,1.5473
2005-08-22,1.5530000000000002
2005-08-23,1.5532
2005-08-24,1.5509
2005-08-25,1.5455
2005-08-26,1.5461
2005-08-29,1.5488
2005-08-30,1.5506
2005-08-31,1.5464
2005-09-01,1.5424
2005-09-02,1.5413
2005-09-05,1.5443
2005-09-06,1.5430000000000001
2005-09-07,1.5426
2005-09-08,1.5428
2005-09-09,1.5428
2005-09-12,1.5453
2005-09-13,1.5463
2005-09-14,1.5443
2005-09-15,1.5488
2005-09-16,1.5525
2005-09-19,1.5521
2005-09-20,1.5524
2005-09-21,1.5516
2005-09-22,1.5539
2005-09-23,1.5562
2005-09-26,1.5562
2005-09-27,1.5564
2005-09-28,1.5546
2005-09-29,1.5562
2005-09-30,1.5552
2005-10-03,1.5507
2005-10-04,1.5503
2005-10-05,1.5479
2005-10-06,1.5473
2005-10-07,1.5496
2005-10-10,1.5478
2005-10-11,1.5457
2005-10-12,1.5477
2005-10-13,1.548
2005-10-14,1.5501
2005-10-17,1.5544
2005-10-18,1.5524
2005-10-19,1.5518
2005-10-20,1.5472
2005-10-21,1.5438
2005-10-24,1.5416
2005-10-25,1.5441
2005-10-26,1.5468
2005-10-27,1.5449
2005-10-28,1.5445
2005-10-31,1.5449
2005-11-01,1.5479
2005-11-02,1.5429
2005-11-03,1.5431
2005-11-04,1.5441
2005-11-07,1.541
2005-11-08,1.5437
2005-11-09,1.5413
2005-11-10,1.5367
2005-11-11,1.5367
2005-11-14,1.5399
2005-11-15,1.5425
2005-11-16,1.5463
2005-11-17,1.5473
2005-11-18,1.5475
2005-11-21,1.547
2005-11-22,1.5477
2005-11-23,1.5498
2005-11-24,1.5497
2005-11-25,1.5463
2005-11-28,1.5467
2005-11-29,1.5469
2005-11-30,1.55
2005-12-01,1.5459
2005-12-02,1.5428
2005-12-05,1.5407
2005-12-06,1.5391
2005-12-07,1.5392
2005-12-08,1.5365
2005-12-09,1.5390000000000001
2005-12-12,1.5421
2005-12-13,1.5454
2005-12-14,1.5379
2005-12-15,1.5425
2005-12-16,1.5498
2005-12-19,1.5514
2005-12-20,1.5526
2005-12-21,1.5535
2005-12-22,1.5568
2005-12-23,1.5574
2005-12-26,1.5561
2005-12-27,1.5581
2005-12-28,1.5579
2005-12-29,1.5561
2005-12-30,1.5549
2006-01-02,1.5534
2006-01-03,1.5497
2006-01-04,1.5462
2006-01-05,1.5442
2006-01-06,1.5426
2006-01-09,1.5418
2006-01-10,1.5444
2006-01-11,1.5463
2006-01-12,1.5469
2006-01-13,1.5483
2006-01-16,1.55
2006-01-17,1.5492
2006-01-18,1.5496
2006-01-19,1.5531
2006-01-20,1.5494
2006-01-23,1.546
2006-01-24,1.5481
2006-01-25,1.5477
2006-01-26,1.5495
2006-01-27,1.5527
2006-01-30,1.5556
2006-01-31,1.5534
2006-02-01,1.5551
2006-02-02,1.5547
2006-02-03,1.5563
2006-02-06,1.5565
2006-02-07,1.5539
2006-02-08,1.5536
2006-02-09,1.5563
2006-02-10,1.5555
2006-02-13,1.5555
2006-02-14,1.5578
2006-02-15,1.5572
2006-02-16,1.5589
2006-02-17,1.5637
2006-02-20,1.5609
2006-02-21,1.5577
2006-02-22,1.5608
2006-02-23,1.5598
2006-02-24,1.5643
2006-02-27,1.5666
2006-02-28,1.5635
2006-03-01,1.5646
2006-03-02,1.5619999999999998
2006-03-03,1.5617
2006-03-06,1.5602
2006-03-07,1.561
2006-03-08,1.56
2006-03-09,1.5644
2006-03-10,1.5682
2006-03-13,1.5691
2006-03-14,1.5647
2006-03-15,1.5634
2006-03-16,1.5702
2006-03-17,1.5719999999999998
2006-03-20,1.5706
2006-03-21,1.5734
2006-03-22,1.5761
2006-03-23,1.5762
2006-03-24,1.5769
2006-03-27,1.5723
2006-03-28,1.5715
2006-03-29,1.575
2006-03-30,1.5774
2006-03-31,1.5798
2006-04-03,1.5826
2006-04-04,1.5809
2006-04-05,1.5777
2006-04-06,1.5767
2006-04-07,1.5747
2006-04-10,1.5764
2006-04-11,1.5753
2006-04-12,1.5721
2006-04-13,1.5709
2006-04-14,1.5726
2006-04-17,1.5677
2006-04-18,1.5666
2006-04-19,1.5678
2006-04-20,1.574
2006-04-21,1.5745
2006-04-24,1.5707
2006-04-25,1.5754
2006-04-26,1.5813
2006-04-27,1.5785
2006-04-28,1.5641
2006-05-01,1.5612
2006-05-02,1.5604
2006-05-03,1.5612
2006-05-04,1.5586
2006-05-05,1.5601
2006-05-08,1.5601
2006-05-09,1.5565
2006-05-10,1.5576
2006-05-11,1.5565
2006-05-12,1.547
2006-05-15,1.5501
2006-05-16,1.5519999999999998
2006-05-17,1.547
2006-05-18,1.5485
2006-05-19,1.5532
2006-05-22,1.5489
2006-05-23,1.5492
2006-05-24,1.5535
2006-05-25,1.558
2006-05-26,1.5615
2006-05-29,1.5613
2006-05-30,1.5588
2006-05-31,1.5611
2006-06-01,1.5627
2006-06-02,1.5597
2006-06-05,1.558
2006-06-06,1.5583
2006-06-07,1.5617
2006-06-08,1.5584
2006-06-09,1.5556
2006-06-12,1.5525
2006-06-13,1.5536
2006-06-14,1.5514
2006-06-15,1.555
2006-06-16,1.5552
2006-06-19,1.5593
2006-06-20,1.5583
2006-06-21,1.5618
2006-06-22,1.5624
2006-06-23,1.5617
2006-06-26,1.5628
2006-06-27,1.5634
2006-06-28,1.5631
2006-06-29,1.5659999999999998
2006-06-30,1.5636
2006-07-03,1.5664
2006-07-04,1.5654
2006-07-05,1.5671
2006-07-06,1.5692
2006-07-07,1.5656
2006-07-10,1.5662
2006-07-11,1.5655
2006-07-12,1.5667
2006-07-13,1.5599
2006-07-14,1.5609
2006-07-17,1.5621
2006-07-18,1.5656
2006-07-19,1.5716
2006-07-20,1.5703
2006-07-21,1.5695
2006-07-24,1.5736
2006-07-25,1.5767
2006-07-26,1.577
2006-07-27,1.5719
2006-07-28,1.5727
2006-07-31,1.571
2006-08-01,1.5717
2006-08-02,1.5732
2006-08-03,1.5759
2006-08-04,1.5738
2006-08-07,1.5725
2006-08-08,1.5729
2006-08-09,1.5769
2006-08-10,1.5786
2006-08-11,1.5812
2006-08-14,1.5796
2006-08-15,1.5814
2006-08-16,1.5785
2006-08-17,1.5806
2006-08-18,1.5818
2006-08-21,1.5779
2006-08-22,1.58
2006-08-23,1.5796
2006-08-24,1.5809
2006-08-25,1.5809
2006-08-28,1.5804
2006-08-29,1.5763
2006-08-30,1.5756
2006-08-31,1.577
2006-09-01,1.5791
2006-09-04,1.5801
2006-09-05,1.5815
2006-09-06,1.5816
2006-09-07,1.5822
2006-09-08,1.5803
2006-09-11,1.5811
2006-09-12,1.5868
2006-09-13,1.5874
2006-09-14,1.5926
2006-09-15,1.5896
2006-09-18,1.5883
2006-09-19,1.5866
2006-09-20,1.5874
2006-09-21,1.5879
2006-09-22,1.5798
2006-09-25,1.5788
2006-09-26,1.5775
2006-09-27,1.5802
2006-09-28,1.5839
2006-09-29,1.585
2006-10-02,1.5838
2006-10-03,1.5853
2006-10-04,1.5871
2006-10-05,1.5891
2006-10-06,1.5877
2006-10-09,1.5893
2006-10-10,1.5930000000000002
2006-10-11,1.5928
2006-10-12,1.5930000000000002
2006-10-13,1.5927
2006-10-16,1.5918
2006-10-17,1.5907
2006-10-18,1.5914
2006-10-19,1.5874
2006-10-20,1.5883
2006-10-23,1.5897
2006-10-24,1.5903
2006-10-25,1.594
2006-10-26,1.5918
2006-10-27,1.5909
2006-10-30,1.5884
2006-10-31,1.5876
2006-11-01,1.5887
2006-11-02,1.5911
2006-11-03,1.5942
2006-11-06,1.5975
2006-11-07,1.5959999999999999
2006-11-08,1.5958
2006-11-09,1.5945
2006-11-10,1.5944
2006-11-13,1.5939
2006-11-14,1.5930000000000002
2006-11-15,1.598
2006-11-16,1.5965
2006-11-17,1.5952
2006-11-20,1.5943
2006-11-21,1.594
2006-11-22,1.5871
2006-11-23,1.5854
2006-11-24,1.5832
2006-11-27,1.5846
2006-11-28,1.5878
2006-11-29,1.5913
2006-11-30,1.5859999999999999
2006-12-01,1.5913
2006-12-04,1.5914
2006-12-05,1.5878
2006-12-06,1.5891
2006-12-07,1.5881
2006-12-08,1.5909
2006-12-11,1.5919999999999999
2006-12-12,1.5932
2006-12-13,1.5938
2006-12-14,1.5966
2006-12-15,1.5977
2006-12-18,1.6008
2006-12-19,1.6024
2006-12-20,1.6042
2006-12-21,1.6027
2006-12-22,1.6015
2006-12-25,1.5995
2006-12-26,1.6021
2006-12-27,1.6085
2006-12-28,1.6063
2006-12-29,1.6089
2007-01-01,1.6086
2007-01-02,1.6108
2007-01-03,1.6147
2007-01-04,1.6131
2007-01-05,1.6074
2007-01-08,1.6104
2007-01-09,1.6135
2007-01-10,1.6126
2007-01-11,1.6111
2007-01-12,1.6117
2007-01-15,1.6153
2007-01-16,1.6129
2007-01-17,1.6137
2007-01-18,1.6163
2007-01-19,1.6175
2007-01-22,1.6174
2007-01-23,1.6183
2007-01-24,1.6183
2007-01-25,1.6146
2007-01-26,1.6189
2007-01-29,1.6237
2007-01-30,1.6229
2007-01-31,1.6213
2007-02-01,1.6192
2007-02-02,1.6176
2007-02-05,1.6142
2007-02-06,1.6095
2007-02-07,1.6152
2007-02-08,1.6248
2007-02-09,1.6224
2007-02-12,1.6254
2007-02-13,1.6256
2007-02-14,1.6276
2007-02-15,1.6222
2007-02-16,1.6225
2007-02-19,1.6213
2007-02-20,1.6244
2007-02-21,1.6266
2007-02-22,1.6251
2007-02-23,1.6226
2007-02-26,1.6219
2007-02-27,1.6119
2007-02-28,1.6132
2007-03-01,1.611
2007-03-02,1.6047
2007-03-05,1.5978
2007-03-06,1.6057
2007-03-07,1.6041
2007-03-08,1.6119
2007-03-09,1.6192
2007-03-12,1.6151
2007-03-13,1.6067
2007-03-14,1.609
2007-03-15,1.6113
2007-03-16,1.6069
2007-03-19,1.6126
2007-03-20,1.6137
2007-03-21,1.6189
2007-03-22,1.6187
2007-03-23,1.6193
2007-03-26,1.6205
2007-03-27,1.6194
2007-03-28,1.619
2007-03-29,1.6231
2007-03-30,1.6230000000000002
2007-04-02,1.6243
2007-04-03,1.6295
2007-04-04,1.6307
2007-04-05,1.6316
2007-04-06,1.6348
2007-04-09,1.6382
2007-04-10,1.6348
2007-04-11,1.6394
2007-04-12,1.6407
2007-04-13,1.6436
2007-04-16,1.6434
2007-04-17,1.6395
2007-04-18,1.6379
2007-04-19,1.6399
2007-04-20,1.6419
2007-04-23,1.6421
2007-04-24,1.6383
2007-04-25,1.6426
2007-04-26,1.6439
2007-04-27,1.6457
2007-04-30,1.6474
2007-05-01,1.6524
2007-05-02,1.6494
2007-05-03,1.6475
2007-05-04,1.6465
2007-05-07,1.6473
2007-05-08,1.6498
2007-05-09,1.6486
2007-05-10,1.6443
2007-05-11,1.6484
2007-05-14,1.6513
2007-05-15,1.6517
2007-05-16,1.6534
2007-05-17,1.6559
2007-05-18,1.6577
2007-05-21,1.6563
2007-05-22,1.6536
2007-05-23,1.6523
2007-05-24,1.6488
2007-05-25,1.651
2007-05-28,1.6526
2007-05-29,1.6479
2007-05-30,1.646
2007-05-31,1.6483
2007-06-01,1.6538
2007-06-04,1.6505
2007-06-05,1.6475
2007-06-06,1.6421
2007-06-07,1.6440000000000001
2007-06-08,1.6517
2007-06-11,1.6538
2007-06-12,1.6526
2007-06-13,1.6563
2007-06-14,1.659
2007-06-15,1.6617
2007-06-18,1.6662
2007-06-19,1.6657
2007-06-20,1.6582
2007-06-21,1.6622
2007-06-22,1.6556
2007-06-25,1.6536
2007-06-26,1.6521
2007-06-27,1.6536
2007-06-28,1.6557
2007-06-29,1.6540000000000001
2007-07-02,1.6499
2007-07-03,1.6543
2007-07-04,1.6557
2007-07-05,1.6551
2007-07-06,1.6598
2007-07-09,1.6578
2007-07-10,1.6524
2007-07-11,1.6582
2007-07-12,1.6588
2007-07-13,1.6574
2007-07-16,1.6574
2007-07-17,1.6577
2007-07-18,1.6573
2007-07-19,1.6612
2007-07-20,1.6603
2007-07-23,1.6652
2007-07-24,1.6627
2007-07-25,1.6648
2007-07-26,1.6546
2007-07-27,1.6475
2007-07-30,1.6476
2007-07-31,1.6434
2007-08-01,1.6459
2007-08-02,1.6504
2007-08-03,1.6397
2007-08-06,1.6433
2007-08-07,1.6441
2007-08-08,1.6509
2007-08-09,1.6363
2007-08-10,1.6412
2007-08-13,1.6407
2007-08-14,1.6387
2007-08-15,1.6387
2007-08-16,1.6334
2007-08-17,1.6276
2007-08-20,1.6245
2007-08-21,1.6241
2007-08-22,1.6337
2007-08-23,1.6371
2007-08-24,1.642
2007-08-27,1.6408
2007-08-28,1.6333
2007-08-29,1.6399
2007-08-30,1.6418
2007-08-31,1.6469
2007-09-03,1.6467
2007-09-04,1.6482
2007-09-05,1.6438
2007-09-06,1.6439
2007-09-07,1.6362
2007-09-10,1.6372
2007-09-11,1.6453
2007-09-12,1.6468
2007-09-13,1.6443
2007-09-14,1.6502
2007-09-17,1.6457
2007-09-18,1.6508
2007-09-19,1.653
2007-09-20,1.6486
2007-09-21,1.6514
2007-09-24,1.6519
2007-09-25,1.6493
2007-09-26,1.6529
2007-09-27,1.66
2007-09-28,1.6607
2007-10-01,1.663
2007-10-02,1.6633
2007-10-03,1.6633
2007-10-04,1.6601
2007-10-05,1.6652
2007-10-08,1.6664
2007-10-09,1.6692
2007-10-10,1.6726
2007-10-11,1.6778
2007-10-12,1.6795
2007-10-15,1.6769999999999998
2007-10-16,1.6759
2007-10-17,1.6765
2007-10-18,1.672
2007-10-19,1.6682
2007-10-22,1.67
2007-10-23,1.6725
2007-10-24,1.6714
2007-10-25,1.6696
2007-10-26,1.6755
2007-10-29,1.6795
2007-10-30,1.672
2007-10-31,1.6775
2007-11-01,1.6699
2007-11-02,1.6737
2007-11-05,1.6692
2007-11-06,1.6661
2007-11-07,1.6588
2007-11-08,1.6554
2007-11-09,1.6475
2007-11-12,1.6403
2007-11-13,1.6465
2007-11-14,1.6465
2007-11-15,1.6405
2007-11-16,1.6385
2007-11-19,1.6355
2007-11-20,1.6408
2007-11-21,1.6368
2007-11-22,1.635
2007-11-23,1.6351
2007-11-26,1.6314
2007-11-27,1.6392
2007-11-28,1.6485
2007-11-29,1.6483
2007-11-30,1.656
2007-12-03,1.6533
2007-12-04,1.6481
2007-12-05,1.6475
2007-12-06,1.6534
2007-12-07,1.6533
2007-12-10,1.6594
2007-12-11,1.6571
2007-12-12,1.6689
2007-12-13,1.6697
2007-12-14,1.6635
2007-12-17,1.6547
2007-12-18,1.66
2007-12-19,1.6611
2007-12-20,1.6595
2007-12-21,1.6606
2007-12-24,1.665
2007-12-25,1.6187
2007-12-26,1.6682
2007-12-27,1.6659
2007-12-28,1.6583
2007-12-31,1.6538
2008-01-01,1.6535
2008-01-02,1.6471
2008-01-03,1.6382
2008-01-04,1.6340000000000001
2008-01-07,1.6406
2008-01-08,1.636
2008-01-09,1.6367
2008-01-10,1.633
2008-01-11,1.6273
2008-01-14,1.6251
2008-01-15,1.6175
2008-01-16,1.6126
2008-01-17,1.6119
2008-01-18,1.6054
2008-01-21,1.6019
2008-01-22,1.6016
2008-01-23,1.5973
2008-01-24,1.6053
2008-01-25,1.61
2008-01-28,1.6098
2008-01-29,1.6159999999999999
2008-01-30,1.6103
2008-01-31,1.6069
2008-02-01,1.6124
2008-02-04,1.6132
2008-02-05,1.6104
2008-02-06,1.6068
2008-02-07,1.5988
2008-02-08,1.5984
2008-02-11,1.6
2008-02-12,1.6069
2008-02-13,1.615
2008-02-14,1.6072
2008-02-15,1.6049
2008-02-18,1.615
2008-02-19,1.6111
2008-02-20,1.6177
2008-02-21,1.6141
2008-02-22,1.6091
2008-02-25,1.6148
2008-02-26,1.6107
2008-02-27,1.6075
2008-02-28,1.5983
2008-02-29,1.5803
2008-03-03,1.5844
2008-03-04,1.5789
2008-03-05,1.5824
2008-03-06,1.5727
2008-03-07,1.5743
2008-03-10,1.5639
2008-03-11,1.5846
2008-03-12,1.5771
2008-03-13,1.5759999999999998
2008-03-14,1.5648
2008-03-17,1.5489
2008-03-18,1.5675
2008-03-19,1.5585
2008-03-20,1.5549
2008-03-21,1.5574
2008-03-24,1.5723
2008-03-25,1.5730000000000002
2008-03-26,1.5667
2008-03-27,1.5678
2008-03-28,1.5723
2008-03-31,1.5681
2008-04-01,1.5803
2008-04-02,1.5821
2008-04-03,1.5835
2008-04-04,1.5827
2008-04-07,1.591
2008-04-08,1.5934
2008-04-09,1.5852
2008-04-10,1.5859
2008-04-11,1.5826
2008-04-14,1.5821
2008-04-15,1.5896
2008-04-16,1.5943
2008-04-17,1.6001
2008-04-18,1.61
2008-04-21,1.6045
2008-04-22,1.6042
2008-04-23,1.6127
2008-04-24,1.6235
2008-04-25,1.6158
2008-04-28,1.6183
2008-04-29,1.6156
2008-04-30,1.6167
2008-05-01,1.6206
2008-05-02,1.6304
2008-05-05,1.632
2008-05-06,1.6337
2008-05-07,1.6237
2008-05-08,1.618
2008-05-09,1.6118
2008-05-12,1.6229
2008-05-13,1.6294
2008-05-14,1.632
2008-05-15,1.6318
2008-05-16,1.6318
2008-05-19,1.6345
2008-05-20,1.6227
2008-05-21,1.6224
2008-05-22,1.6212
2008-05-23,1.6141
2008-05-26,1.6155
2008-05-27,1.6219999999999999
2008-05-28,1.6232
2008-05-29,1.6280000000000001
2008-05-30,1.6209
2008-06-02,1.6116
2008-06-03,1.6103
2008-06-04,1.6077
2008-06-05,1.6189
2008-06-06,1.6069
2008-06-09,1.6075
2008-06-10,1.611
2008-06-11,1.6041
2008-06-12,1.6075
2008-06-13,1.6099
2008-06-16,1.6163
2008-06-17,1.6154
2008-06-18,1.6096
2008-06-19,1.6197
2008-06-20,1.6162
2008-06-23,1.6218
2008-06-24,1.621
2008-06-25,1.6216
2008-06-26,1.6131
2008-06-27,1.6082
2008-06-30,1.6082
2008-07-01,1.6103
2008-07-02,1.6097
2008-07-03,1.6115
2008-07-04,1.6103
2008-07-07,1.6139
2008-07-08,1.6192
2008-07-09,1.6196
2008-07-10,1.6224
2008-07-11,1.6189
2008-07-14,1.6169
2008-07-15,1.6046
2008-07-16,1.6098
2008-07-17,1.6165
2008-07-18,1.6205
2008-07-21,1.6199
2008-07-22,1.6264
2008-07-23,1.6283
2008-07-24,1.6251
2008-07-25,1.6279
2008-07-28,1.6280000000000001
2008-07-29,1.6311
2008-07-30,1.6329
2008-07-31,1.6336
2008-08-01,1.6336
2008-08-04,1.6326
2008-08-05,1.6295
2008-08-06,1.6327
2008-08-07,1.6262
2008-08-08,1.624
2008-08-11,1.6187
2008-08-12,1.6204
2008-08-13,1.6191
2008-08-14,1.6195
2008-08-15,1.6097
2008-08-18,1.6119
2008-08-19,1.6132
2008-08-20,1.6197
2008-08-21,1.6184
2008-08-22,1.6249
2008-08-25,1.6163
2008-08-26,1.611
2008-08-27,1.6154
2008-08-28,1.6151
2008-08-29,1.6157
2008-09-01,1.6082
2008-09-02,1.6063
2008-09-03,1.6028
2008-09-04,1.5855
2008-09-05,1.5954
2008-09-08,1.5977
2008-09-09,1.5912
2008-09-10,1.5903
2008-09-11,1.5934
2008-09-12,1.6079
2008-09-15,1.5887
2008-09-16,1.5845
2008-09-17,1.581
2008-09-18,1.5854
2008-09-19,1.5987
2008-09-22,1.5875
2008-09-24,1.5959999999999999
2008-09-25,1.5925
2008-09-26,1.5935
2008-09-29,1.5712
2008-09-30,1.5819
2008-10-01,1.5769
2008-10-02,1.5692
2008-10-03,1.5562
2008-10-06,1.5486
2008-10-07,1.5495
2008-10-08,1.5373
2008-10-09,1.5334
2008-10-10,1.527
2008-10-13,1.5466
2008-10-14,1.5475
2008-10-15,1.5234
2008-10-16,1.5302
2008-10-17,1.5243
2008-10-20,1.5336
2008-10-21,1.5044
2008-10-22,1.4935
2008-10-23,1.5021
2008-10-24,1.4738
2008-10-27,1.4489
2008-10-28,1.4746
2008-10-29,1.4624
2008-10-30,1.472
2008-10-31,1.4746
2008-11-03,1.4854
2008-11-04,1.5097
2008-11-05,1.4999
2008-11-06,1.4977
2008-11-07,1.4986
2008-11-10,1.5023
2008-11-11,1.4869999999999999
2008-11-12,1.4839
2008-11-13,1.5164
2008-11-14,1.5057
2008-11-17,1.5158
2008-11-18,1.5179
2008-11-19,1.5162
2008-11-20,1.525
2008-11-21,1.5387
2008-11-24,1.5456
2008-11-25,1.5464
2008-11-26,1.5503
2008-11-27,1.5486
2008-11-28,1.54
2008-12-01,1.5205
2008-12-02,1.5341
2008-12-03,1.5377
2008-12-04,1.5276
2008-12-05,1.5523
2008-12-08,1.5595
2008-12-09,1.558
2008-12-10,1.5609
2008-12-11,1.5809
2008-12-12,1.5737
2008-12-15,1.5869
2008-12-16,1.5748
2008-12-17,1.5456
2008-12-18,1.5435
2008-12-19,1.535
2008-12-22,1.5246
2008-12-23,1.5163
2008-12-24,1.5035
2008-12-25,1.5105
2008-12-26,1.5013
2008-12-29,1.479
2008-12-30,1.4899
2008-12-31,1.4936
2009-01-01,1.4891
2009-01-02,1.5035
2009-01-05,1.5116
2009-01-06,1.5101
2009-01-07,1.5028
2009-01-08,1.4973
2009-01-09,1.4984
2009-01-12,1.4893
2009-01-13,1.4752
2009-01-14,1.4715
2009-01-15,1.4755
2009-01-16,1.4845
2009-01-19,1.482
2009-01-20,1.4794
2009-01-21,1.5018
2009-01-22,1.4985
2009-01-23,1.4959
2009-01-26,1.4997
2009-01-27,1.5038
2009-01-28,1.5156
2009-01-29,1.4935
2009-01-30,1.4863
2009-02-02,1.4892
2009-02-03,1.4895
2009-02-04,1.4882
2009-02-05,1.4966
2009-02-06,1.5023
2009-02-09,1.5132
2009-02-10,1.4924
2009-02-11,1.4948
2009-02-12,1.4956
2009-02-13,1.4928
2009-02-16,1.485
2009-02-17,1.4708
2009-02-18,1.4763
2009-02-19,1.4869
2009-02-20,1.4826
2009-02-23,1.4854
2009-02-24,1.4904
2009-02-25,1.4882
2009-02-26,1.4829
2009-02-27,1.4818
2009-03-02,1.4789
2009-03-03,1.4767
2009-03-04,1.4772
2009-03-05,1.4688
2009-03-06,1.4667
2009-03-09,1.4614
2009-03-10,1.4709999999999999
2009-03-11,1.4805
2009-03-12,1.5319999999999998
2009-03-13,1.5319999999999998
2009-03-16,1.5363
2009-03-17,1.5384
2009-03-18,1.5386
2009-03-19,1.5356
2009-03-20,1.5312
2009-03-23,1.5326
2009-03-24,1.5236
2009-03-25,1.5230000000000001
2009-03-26,1.5246
2009-03-27,1.5201
2009-03-30,1.5158
2009-03-31,1.5097
2009-04-01,1.517
2009-04-02,1.527
2009-04-03,1.5247
2009-04-06,1.5233
2009-04-07,1.5161
2009-04-08,1.5216
2009-04-09,1.5221
2009-04-10,1.5224
2009-04-13,1.5145
2009-04-14,1.5082
2009-04-15,1.5111
2009-04-16,1.5116
2009-04-17,1.5194
2009-04-20,1.5103
2009-04-21,1.5115
2009-04-22,1.5133
2009-04-23,1.5119
2009-04-24,1.5083
2009-04-27,1.5055
2009-04-28,1.5026
2009-04-29,1.5066
2009-04-30,1.5090000000000001
2009-05-01,1.5073
2009-05-04,1.5098
2009-05-05,1.5090000000000001
2009-05-06,1.5081
2009-05-07,1.5131
2009-05-08,1.5072
2009-05-11,1.5071
2009-05-12,1.5085
2009-05-13,1.505
2009-05-14,1.5057
2009-05-15,1.5130000000000001
2009-05-18,1.5105
2009-05-19,1.5115
2009-05-20,1.5169
2009-05-21,1.5194
2009-05-22,1.5192
2009-05-25,1.5175
2009-05-26,1.516
2009-05-27,1.5117
2009-05-28,1.5118
2009-05-29,1.51
2009-06-01,1.5153
2009-06-02,1.5188
2009-06-03,1.5145
2009-06-04,1.5156
2009-06-05,1.5157
2009-06-08,1.517
2009-06-09,1.5164
2009-06-10,1.5108
2009-06-11,1.5097
2009-06-12,1.5119
2009-06-15,1.5058
2009-06-16,1.5058
2009-06-17,1.5053
2009-06-18,1.5094
2009-06-19,1.5064
2009-06-22,1.5051
2009-06-23,1.5013
2009-06-24,1.5294
2009-06-25,1.5297
2009-06-26,1.5224
2009-06-29,1.5247
2009-06-30,1.5238
2009-07-01,1.52
2009-07-02,1.518
2009-07-03,1.5208
2009-07-06,1.5167
2009-07-07,1.5157
2009-07-08,1.5128
2009-07-09,1.5119
2009-07-10,1.5135
2009-07-13,1.5141
2009-07-14,1.5203
2009-07-15,1.5161
2009-07-16,1.5177
2009-07-17,1.5172
2009-07-20,1.5193
2009-07-21,1.5157
2009-07-22,1.5151
2009-07-23,1.5209
2009-07-24,1.5232
2009-07-27,1.5236
2009-07-28,1.5237
2009-07-29,1.5271
2009-07-30,1.5307
2009-07-31,1.5228
2009-08-03,1.5268
2009-08-04,1.5266
2009-08-05,1.5296
2009-08-06,1.5284
2009-08-07,1.5338
2009-08-10,1.5342
2009-08-11,1.5301
2009-08-12,1.5288
2009-08-13,1.5289
2009-08-14,1.5222
2009-08-17,1.5179
2009-08-18,1.5203
2009-08-19,1.5157
2009-08-20,1.5151
2009-08-21,1.5163
2009-08-24,1.5178
2009-08-25,1.5176
2009-08-26,1.5212
2009-08-27,1.5190000000000001
2009-08-28,1.5154
2009-08-31,1.5179
2009-09-01,1.515
2009-09-02,1.5131
2009-09-03,1.5137
2009-09-04,1.5156
2009-09-07,1.5190000000000001
2009-09-08,1.5165
2009-09-09,1.5156
2009-09-10,1.5137
2009-09-11,1.5126
2009-09-14,1.5123
2009-09-15,1.5168
2009-09-16,1.5177
2009-09-17,1.516
2009-09-18,1.5146
2009-09-21,1.515
2009-09-22,1.5141
2009-09-23,1.5128
2009-09-24,1.5091
2009-09-25,1.5090000000000001
2009-09-28,1.5093
2009-09-29,1.511
2009-09-30,1.5159
2009-10-01,1.5131
2009-10-02,1.5087
2009-10-05,1.5116
2009-10-06,1.5116
2009-10-07,1.517
2009-10-08,1.5176
2009-10-09,1.5188
2009-10-12,1.5164
2009-10-13,1.5171
2009-10-14,1.5142
2009-10-15,1.5163
2009-10-16,1.5172
2009-10-19,1.5133
2009-10-20,1.5117
2009-10-21,1.5099
2009-10-22,1.5098
2009-10-23,1.5135
2009-10-26,1.5138
2009-10-27,1.5124
2009-10-28,1.5105
2009-10-29,1.5108
2009-10-30,1.5115
2009-11-02,1.5092
2009-11-03,1.5102
2009-11-04,1.5098
2009-11-05,1.5111
2009-11-06,1.5104
2009-11-09,1.5116
2009-11-10,1.5103
2009-11-11,1.5101
2009-11-12,1.5103
2009-11-13,1.5091
2009-11-16,1.5083
2009-11-17,1.5113
2009-11-18,1.511
2009-11-19,1.5117
2009-11-20,1.5127
2009-11-23,1.5111
2009-11-24,1.5098
2009-11-25,1.5079
2009-11-26,1.5059
2009-11-27,1.5069
2009-11-30,1.5083
2009-12-01,1.5072
2009-12-02,1.5071
2009-12-03,1.5069
2009-12-04,1.5096
2009-12-07,1.5114
2009-12-08,1.5099
2009-12-09,1.5119
2009-12-10,1.5111
2009-12-11,1.5125
2009-12-14,1.5116
2009-12-15,1.5122
2009-12-16,1.5087
2009-12-17,1.5019
2009-12-18,1.4943
2009-12-21,1.4936
2009-12-22,1.4947
2009-12-23,1.4892
2009-12-24,1.4912
2009-12-25,1.4915
2009-12-28,1.4878
2009-12-29,1.4878
2009-12-30,1.4861
2009-12-31,1.4827
2010-01-01,1.4831
2010-01-04,1.4843
2010-01-05,1.4848
2010-01-06,1.4806
2010-01-07,1.4793
2010-01-08,1.4751
2010-01-11,1.4749
2010-01-12,1.4755
2010-01-13,1.4773
2010-01-14,1.4771
2010-01-15,1.4761
2010-01-18,1.4738
2010-01-19,1.4753
2010-01-20,1.4721
2010-01-21,1.4683
2010-01-22,1.4723
2010-01-25,1.4709999999999999
2010-01-26,1.4724
2010-01-27,1.4723
2010-01-28,1.4698
2010-01-29,1.4703
2010-02-01,1.4711
2010-02-02,1.4729
2010-02-03,1.4719
2010-02-04,1.464
2010-02-05,1.4669
2010-02-08,1.4649
2010-02-09,1.4676
2010-02-10,1.4663
2010-02-11,1.4656
2010-02-12,1.466
2010-02-15,1.465
2010-02-16,1.4677
2010-02-17,1.4667
2010-02-18,1.4659
2010-02-19,1.4643
2010-02-22,1.4629
2010-02-23,1.4636
2010-02-24,1.4634
2010-02-25,1.4631
2010-02-26,1.4626
2010-03-01,1.4632
2010-03-02,1.4632
2010-03-03,1.4623
2010-03-04,1.4627
2010-03-05,1.4631
2010-03-08,1.4629
2010-03-09,1.462
2010-03-10,1.4609
2010-03-11,1.4614
2010-03-12,1.456
2010-03-15,1.4521
2010-03-16,1.4523
2010-03-17,1.4479
2010-03-18,1.4393
2010-03-19,1.436
2010-03-22,1.4347
2010-03-23,1.4271
2010-03-24,1.4289
2010-03-25,1.4259
2010-03-26,1.4283
2010-03-29,1.432
2010-03-30,1.4306
2010-03-31,1.4235
2010-04-01,1.4318
2010-04-02,1.4324
2010-04-05,1.4323
2010-04-06,1.432
2010-04-07,1.4324
2010-04-08,1.4333
2010-04-09,1.4383
2010-04-12,1.4399
2010-04-13,1.435
2010-04-14,1.4357
2010-04-15,1.4340000000000002
2010-04-16,1.433
2010-04-19,1.4339
2010-04-20,1.4356
2010-04-21,1.4326
2010-04-22,1.4327
2010-04-23,1.4352
2010-04-26,1.435
2010-04-27,1.433
2010-04-28,1.4333
2010-04-29,1.4344
2010-04-30,1.4327
2010-05-03,1.4324
2010-05-04,1.4325
2010-05-05,1.4325
2010-05-06,1.4061
2010-05-07,1.4133
2010-05-10,1.419
2010-05-11,1.4054
2010-05-12,1.4023
2010-05-13,1.4005
2010-05-14,1.4011
2010-05-17,1.4023
2010-05-18,1.4004
2010-05-19,1.4297
2010-05-20,1.4356
2010-05-21,1.4451
2010-05-24,1.4327
2010-05-25,1.4288
2010-05-26,1.4115
2010-05-27,1.4231
2010-05-28,1.4222
2010-05-31,1.4216
2010-06-01,1.4133
2010-06-02,1.4144
2010-06-03,1.4069999999999998
2010-06-04,1.3913
2010-06-07,1.3864
2010-06-08,1.3797
2010-06-09,1.376
2010-06-10,1.3842
2010-06-11,1.3915
2010-06-14,1.3954
2010-06-15,1.3971
2010-06-16,1.3921
2010-06-17,1.3766
2010-06-18,1.3731
2010-06-21,1.3695
2010-06-22,1.3586
2010-06-23,1.3602
2010-06-24,1.3586
2010-06-25,1.3518
2010-06-28,1.3346
2010-06-29,1.3186
2010-06-30,1.3181
2010-07-01,1.3263
2010-07-02,1.3349
2010-07-05,1.3351
2010-07-06,1.3376
2010-07-07,1.3287
2010-07-08,1.3322
2010-07-09,1.3369
2010-07-12,1.335
2010-07-13,1.3424
2010-07-14,1.3393
2010-07-15,1.3471
2010-07-16,1.3582
2010-07-19,1.365
2010-07-20,1.3559999999999999
2010-07-21,1.3398
2010-07-22,1.3443
2010-07-23,1.3605
2010-07-26,1.3621
2010-07-27,1.3779
2010-07-28,1.3725
2010-07-29,1.3619
2010-07-30,1.3584
2010-08-02,1.369
2010-08-03,1.3747
2010-08-04,1.3857
2010-08-05,1.3794
2010-08-06,1.379
2010-08-09,1.3869
2010-08-10,1.381
2010-08-11,1.3623
2010-08-12,1.3467
2010-08-13,1.3401
2010-08-16,1.3326
2010-08-17,1.3439
2010-08-18,1.3396
2010-08-19,1.3228
2010-08-20,1.3138
2010-08-23,1.3169
2010-08-24,1.3031
2010-08-25,1.304
2010-08-26,1.3021
2010-08-27,1.3117
2010-08-30,1.2992
2010-08-31,1.287
2010-09-01,1.3004
2010-09-02,1.2990000000000002
2010-09-03,1.3104
2010-09-06,1.3017
2010-09-07,1.2827
2010-09-08,1.2865
2010-09-09,1.2891
2010-09-10,1.2928
2010-09-13,1.2974
2010-09-14,1.2931
2010-09-15,1.3049
2010-09-16,1.3279
2010-09-17,1.3175
2010-09-20,1.3127
2010-09-21,1.321
2010-09-22,1.3223
2010-09-23,1.3119999999999998
2010-09-24,1.3258
2010-09-27,1.3253
2010-09-28,1.3259
2010-09-29,1.3307
2010-09-30,1.3399
2010-10-01,1.3429
2010-10-04,1.3279
2010-10-05,1.3368
2010-10-06,1.3397
2010-10-07,1.345
2010-10-08,1.3422
2010-10-11,1.3385
2010-10-12,1.3323
2010-10-13,1.3377
2010-10-14,1.3416
2010-10-15,1.3396
2010-10-18,1.3372
2010-10-19,1.3337
2010-10-20,1.3428
2010-10-21,1.3469
2010-10-22,1.3647
2010-10-25,1.3555
2010-10-26,1.3636
2010-10-27,1.3635
2010-10-28,1.3693
2010-10-29,1.3696
2010-11-01,1.3782
2010-11-02,1.374
2010-11-03,1.3721
2010-11-04,1.3621
2010-11-05,1.3481
2010-11-08,1.3442
2010-11-09,1.3329
2010-11-10,1.3379
2010-11-11,1.3325
2010-11-12,1.3428
2010-11-15,1.3376
2010-11-16,1.3434
2010-11-17,1.3414
2010-11-18,1.3584
2010-11-19,1.3564
2010-11-22,1.3484
2010-11-23,1.3328
2010-11-24,1.328
2010-11-25,1.3367
2010-11-26,1.3278
2010-11-29,1.3126
2010-11-30,1.3028
2010-12-01,1.3168
2010-12-02,1.3111
2010-12-03,1.3061
2010-12-06,1.3064
2010-12-07,1.3095
2010-12-08,1.3077
2010-12-09,1.3018
2010-12-10,1.2968
2010-12-13,1.2959
2010-12-14,1.2835
2010-12-15,1.2789
2010-12-16,1.2770000000000001
2010-12-17,1.2779
2010-12-20,1.2666
2010-12-21,1.2552
2010-12-22,1.2471
2010-12-23,1.2572
2010-12-24,1.2624
2010-12-27,1.2638
2010-12-28,1.2483
2010-12-29,1.2504
2010-12-30,1.2422
2010-12-31,1.2508
2011-01-03,1.2471
2011-01-04,1.2622
2011-01-05,1.27
2011-01-06,1.2553
2011-01-07,1.2484
2011-01-10,1.2528
2011-01-11,1.2631
2011-01-12,1.2692
2011-01-13,1.2878
2011-01-14,1.2894
2011-01-17,1.2819
2011-01-18,1.2897
2011-01-19,1.2863
2011-01-20,1.3028
2011-01-21,1.3051
2011-01-24,1.2943
2011-01-25,1.2890000000000001
2011-01-26,1.2916
2011-01-27,1.2983
2011-01-28,1.2819
2011-01-31,1.2923
2011-02-01,1.2933
2011-02-02,1.2981
2011-02-03,1.2889
2011-02-04,1.2967
2011-02-07,1.2975
2011-02-08,1.3122
2011-02-09,1.3148
2011-02-10,1.3181
2011-02-11,1.3181
2011-02-14,1.3083
2011-02-15,1.3042
2011-02-16,1.3012
2011-02-17,1.2921
2011-02-18,1.2932
2011-02-21,1.2945
2011-02-22,1.2815
2011-02-23,1.2827
2011-02-24,1.2782
2011-02-25,1.2767
2011-02-28,1.2819999999999998
2011-03-01,1.2792
2011-03-02,1.2805
2011-03-03,1.3011
2011-03-04,1.2931
2011-03-07,1.2941
2011-03-08,1.3002
2011-03-09,1.2929
2011-03-10,1.2859
2011-03-11,1.2925
2011-03-14,1.2926
2011-03-15,1.2826
2011-03-16,1.2515
2011-03-17,1.2594
2011-03-18,1.2770000000000001
2011-03-21,1.2868
2011-03-22,1.2821
2011-03-23,1.2790000000000001
2011-03-24,1.2872
2011-03-25,1.2955
2011-03-28,1.2909
2011-03-29,1.2987
2011-03-30,1.2974
2011-03-31,1.3013
2011-04-01,1.3144
2011-04-04,1.3127
2011-04-05,1.3158
2011-04-06,1.3163
2011-04-07,1.3099
2011-04-08,1.3124
2011-04-11,1.3084
2011-04-12,1.2984
2011-04-13,1.2941
2011-04-14,1.2928
2011-04-15,1.2874
2011-04-18,1.2745
2011-04-19,1.2894
2011-04-20,1.2905
2011-04-21,1.2896
2011-04-22,1.29
2011-04-25,1.2845
2011-04-26,1.2791
2011-04-27,1.2931
2011-04-28,1.295
2011-04-29,1.2816
2011-05-02,1.2819
2011-05-03,1.2766
2011-05-04,1.2769
2011-05-05,1.265
2011-05-06,1.2584
2011-05-09,1.2521
2011-05-10,1.2677
2011-05-11,1.2587
2011-05-12,1.2591
2011-05-13,1.2602
2011-05-16,1.2516
2011-05-17,1.253
2011-05-18,1.2553
2011-05-19,1.2604
2011-05-20,1.2421
2011-05-23,1.2414
2011-05-24,1.2407
2011-05-25,1.2286
2011-05-26,1.2228
2011-05-27,1.2157
2011-05-30,1.2171
2011-05-31,1.2293
2011-06-01,1.2069
2011-06-02,1.2208
2011-06-03,1.2205
2011-06-06,1.2175
2011-06-07,1.2284
2011-06-08,1.219
2011-06-09,1.2206
2011-06-10,1.2101
2011-06-13,1.2067
2011-06-14,1.2206
2011-06-15,1.2087
2011-06-16,1.2048
2011-06-17,1.2137
2011-06-20,1.2104
2011-06-21,1.2106
2011-06-22,1.2037
2011-06-23,1.1954
2011-06-24,1.1825
2011-06-27,1.1927
2011-06-28,1.1954
2011-06-29,1.2046
2011-06-30,1.2194
2011-07-01,1.2313
2011-07-04,1.2325
2011-07-05,1.2128
2011-07-06,1.2019
2011-07-07,1.2131
2011-07-08,1.1935
2011-07-11,1.1744
2011-07-12,1.159
2011-07-13,1.1513
2011-07-14,1.1534
2011-07-15,1.1541
2011-07-18,1.1535
2011-07-19,1.1665
2011-07-20,1.1661
2011-07-21,1.1773
2011-07-22,1.1769
2011-07-25,1.1584
2011-07-26,1.1627
2011-07-27,1.1509
2011-07-28,1.1478
2011-07-29,1.1313
2011-08-01,1.117
2011-08-02,1.0837
2011-08-03,1.1041
2011-08-04,1.0808
2011-08-05,1.0962
2011-08-08,1.0697
2011-08-09,1.038
2011-08-10,1.0296
2011-08-11,1.087
2011-08-12,1.1084
2011-08-15,1.1329
2011-08-16,1.148
2011-08-17,1.1392
2011-08-18,1.1369
2011-08-19,1.1309
2011-08-22,1.1344
2011-08-23,1.1438
2011-08-24,1.146
2011-08-25,1.141
2011-08-26,1.1685
2011-08-29,1.1843
2011-08-30,1.1836
2011-08-31,1.1597
2011-09-01,1.1329
2011-09-02,1.1203
2011-09-05,1.1076
2011-09-06,1.2066
2011-09-07,1.2087
2011-09-08,1.2148
2011-09-09,1.2065
2011-09-12,1.2035
2011-09-13,1.2037
2011-09-14,1.2042
2011-09-15,1.2072
2011-09-16,1.2093
2011-09-19,1.2063
2011-09-20,1.2152
2011-09-21,1.2212
2011-09-22,1.2223
2011-09-23,1.2218
2011-09-26,1.2197
2011-09-27,1.2181
2011-09-28,1.2184
2011-09-29,1.2192
2011-09-30,1.2158
2011-10-03,1.2142
2011-10-04,1.2232
2011-10-05,1.2326
2011-10-06,1.2366
2011-10-07,1.2402
2011-10-10,1.2331
2011-10-11,1.2385
2011-10-12,1.2336
2011-10-13,1.2371
2011-10-14,1.2372
2011-10-17,1.235
2011-10-18,1.2352
2011-10-19,1.2418
2011-10-20,1.2324
2011-10-21,1.2259
2011-10-24,1.2263
2011-10-25,1.2212
2011-10-26,1.2247
2011-10-27,1.2194
2011-10-28,1.2208
2011-10-31,1.2148
2011-11-01,1.2153
2011-11-02,1.2148
2011-11-03,1.2134
2011-11-04,1.2198
2011-11-07,1.2405
2011-11-08,1.2379
2011-11-09,1.2313
2011-11-10,1.2329
2011-11-11,1.2371
2011-11-14,1.2382
2011-11-15,1.2387
2011-11-16,1.2378
2011-11-17,1.2406
2011-11-18,1.2396
2011-11-21,1.2372
2011-11-22,1.2348
2011-11-23,1.2269
2011-11-24,1.2269
2011-11-25,1.2313
2011-11-28,1.2284
2011-11-29,1.2259
2011-11-30,1.2275
2011-12-01,1.2326
2011-12-02,1.2342
2011-12-05,1.2335
2011-12-06,1.2407
2011-12-07,1.2385
2011-12-08,1.2356
2011-12-09,1.2353
2011-12-12,1.2357
2011-12-13,1.2323
2011-12-14,1.2377
2011-12-15,1.2235
2011-12-16,1.2207
2011-12-19,1.2183
2011-12-20,1.2188
2011-12-21,1.2206
2011-12-22,1.2214
2011-12-23,1.222
2011-12-26,1.2218
2011-12-27,1.2208
2011-12-28,1.2194
2011-12-29,1.2182
2011-12-30,1.2163
2012-01-02,1.2152
2012-01-03,1.2162
2012-01-04,1.2187
2012-01-05,1.2176
2012-01-06,1.2147
2012-01-09,1.2118
2012-01-10,1.2127
2012-01-11,1.2124
2012-01-12,1.2102
2012-01-13,1.2069
2012-01-16,1.2083
2012-01-17,1.209
2012-01-18,1.2082
2012-01-19,1.2085
2012-01-20,1.2081
2012-01-23,1.2072
2012-01-24,1.2089
2012-01-25,1.2075
2012-01-26,1.2061
2012-01-27,1.2058
2012-01-30,1.2054
2012-01-31,1.2037
2012-02-01,1.2044
2012-02-02,1.2047
2012-02-03,1.2082
2012-02-06,1.2061
2012-02-07,1.2089
2012-02-08,1.2098
2012-02-09,1.2111
2012-02-10,1.2092
2012-02-13,1.2085
2012-02-14,1.2073
2012-02-15,1.2066
2012-02-16,1.2067
2012-02-17,1.2083
2012-02-20,1.2069
2012-02-21,1.2074
2012-02-22,1.2058
2012-02-23,1.2052
2012-02-24,1.2049
2012-02-27,1.2047
2012-02-28,1.2051
2012-02-29,1.2051
2012-03-01,1.2058
2012-03-02,1.2064
2012-03-05,1.2059
2012-03-06,1.2047
2012-03-07,1.2051
2012-03-08,1.2054
2012-03-09,1.2055
2012-03-12,1.2056
2012-03-13,1.2075
2012-03-14,1.2125
2012-03-15,1.207
2012-03-16,1.2059
2012-03-19,1.2062
2012-03-20,1.2055
2012-03-21,1.2053
2012-03-22,1.2055
2012-03-23,1.2045
2012-03-26,1.2057
2012-03-27,1.205
2012-03-28,1.205
2012-03-29,1.2054
2012-03-30,1.2039
2012-04-02,1.2037
2012-04-03,1.2037
2012-04-04,1.2032
2012-04-05,1.2018
2012-04-06,1.2006
2012-04-09,1.2018
2012-04-10,1.2013
2012-04-11,1.2026
2012-04-12,1.2013
2012-04-13,1.202
2012-04-16,1.2016
2012-04-17,1.2012
2012-04-18,1.2015
2012-04-19,1.2021
2012-04-20,1.2009999999999998
2012-04-23,1.2017
2012-04-24,1.2013
2012-04-25,1.2015
2012-04-26,1.2013
2012-04-27,1.2013
2012-04-30,1.2013
2012-05-01,1.2015
2012-05-02,1.2013
2012-05-03,1.2014
2012-05-04,1.2005
2012-05-07,1.2012
2012-05-08,1.2009
2012-05-09,1.2008
2012-05-10,1.2009999999999998
2012-05-11,1.2005
2012-05-14,1.2009
2012-05-15,1.2009999999999998
2012-05-16,1.2007
2012-05-17,1.2008
2012-05-18,1.2009
2012-05-21,1.2012
2012-05-22,1.2009
2012-05-23,1.2008
2012-05-24,1.2009999999999998
2012-05-25,1.2004
2012-05-28,1.2018
2012-05-29,1.2009
2012-05-30,1.2011
2012-05-31,1.2008
2012-06-01,1.2008
2012-06-04,1.2009
2012-06-05,1.2009
2012-06-06,1.2009
2012-06-07,1.2009
2012-06-08,1.2004
2012-06-11,1.2008
2012-06-12,1.2007
2012-06-13,1.2008
2012-06-14,1.2009
2012-06-15,1.2008
2012-06-18,1.2008
2012-06-19,1.2006
2012-06-20,1.2009
2012-06-21,1.2008
2012-06-22,1.2003
2012-06-25,1.2009
2012-06-26,1.2007
2012-06-27,1.2008
2012-06-28,1.2009999999999998
2012-06-29,1.2008
2012-07-02,1.2009999999999998
2012-07-03,1.2009999999999998
2012-07-04,1.2009999999999998
2012-07-05,1.2012
2012-07-06,1.2004
2012-07-09,1.2009
2012-07-10,1.2005
2012-07-11,1.2005
2012-07-12,1.2007
2012-07-13,1.2008
2012-07-16,1.2009
2012-07-17,1.2013
2012-07-18,1.2009
2012-07-19,1.2008
2012-07-20,1.2007
2012-07-23,1.2009
2012-07-24,1.2008
2012-07-25,1.2009999999999998
2012-07-26,1.2008
2012-07-27,1.2009999999999998
2012-07-30,1.2009999999999998
2012-07-31,1.2011
2012-08-01,1.2014
2012-08-02,1.2011
2012-08-03,1.2015
2012-08-06,1.2012
2012-08-07,1.2011
2012-08-08,1.2012
2012-08-09,1.2009
2012-08-10,1.2006
2012-08-13,1.2009
2012-08-14,1.2009999999999998
2012-08-15,1.2009
2012-08-16,1.2009
2012-08-17,1.2009
2012-08-20,1.2008
2012-08-21,1.2007
2012-08-22,1.2009999999999998
2012-08-23,1.2007
2012-08-24,1.2005
2012-08-27,1.2009
2012-08-28,1.2006
2012-08-29,1.2008
2012-08-30,1.2008
2012-08-31,1.2003
2012-09-03,1.2008
2012-09-04,1.2009999999999998
2012-09-05,1.204
2012-09-06,1.2049
2012-09-07,1.2107
2012-09-10,1.2069
2012-09-11,1.2067
2012-09-12,1.209
2012-09-13,1.2145
2012-09-14,1.2157
2012-09-17,1.2163
2012-09-18,1.2108
2012-09-19,1.2103
2012-09-20,1.2095
2012-09-21,1.2109
2012-09-24,1.2094
2012-09-25,1.2095
2012-09-26,1.209
2012-09-27,1.2101
2012-09-28,1.208
2012-10-01,1.2091
2012-10-02,1.2092
2012-10-03,1.2111
2012-10-04,1.2111
2012-10-05,1.2109
2012-10-08,1.2101
2012-10-09,1.2113
2012-10-10,1.207
2012-10-11,1.2086
2012-10-12,1.2085
2012-10-15,1.2082
2012-10-16,1.2092
2012-10-17,1.2098
2012-10-18,1.2081
2012-10-19,1.2086
2012-10-22,1.2105
2012-10-23,1.2108
2012-10-24,1.2095
2012-10-25,1.2096
2012-10-26,1.209
2012-10-29,1.2083
2012-10-30,1.2078
2012-10-31,1.207
2012-11-01,1.2058
2012-11-02,1.2064
2012-11-05,1.2072
2012-11-06,1.2079
2012-11-07,1.2065
2012-11-08,1.2055
2012-11-09,1.2056
2012-11-12,1.205
2012-11-13,1.2036
2012-11-14,1.2034
2012-11-15,1.2038
2012-11-16,1.2045
2012-11-19,1.2042
2012-11-20,1.2048
2012-11-21,1.2042
2012-11-22,1.2045
2012-11-23,1.204
2012-11-26,1.2031
2012-11-27,1.2041
2012-11-28,1.2034
2012-11-29,1.2038
2012-11-30,1.205
2012-12-03,1.2082
2012-12-04,1.2131
2012-12-05,1.2103
2012-12-06,1.209
2012-12-07,1.2077
2012-12-10,1.2078
2012-12-11,1.2123
2012-12-12,1.2106
2012-12-13,1.2078
2012-12-14,1.2077
2012-12-17,1.2077
2012-12-18,1.2075
2012-12-19,1.208
2012-12-20,1.2071
2012-12-21,1.2075
2012-12-24,1.2074
2012-12-25,1.2069
2012-12-26,1.2077
2012-12-27,1.2085
2012-12-28,1.2072
2012-12-31,1.2073
2013-01-01,1.208
2013-01-02,1.2102
2013-01-03,1.2093
2013-01-04,1.2083
2013-01-07,1.2084
2013-01-08,1.2087
2013-01-09,1.2087
2013-01-10,1.2129
2013-01-11,1.2189
2013-01-14,1.2335
2013-01-15,1.2398
2013-01-16,1.2369
2013-01-17,1.2474
2013-01-18,1.2438
2013-01-21,1.2409999999999999
2013-01-22,1.2379
2013-01-23,1.2377
2013-01-24,1.2422
2013-01-25,1.2466
2013-01-28,1.2461
2013-01-29,1.2427
2013-01-30,1.2354
2013-01-31,1.2359
2013-02-01,1.238
2013-02-04,1.2272
2013-02-05,1.2335
2013-02-06,1.2306
2013-02-07,1.2299
2013-02-08,1.2258
2013-02-11,1.2334
2013-02-12,1.2337
2013-02-13,1.2331
2013-02-14,1.2307
2013-02-15,1.2313
2013-02-18,1.2327
2013-02-19,1.2348
2013-02-20,1.2311
2013-02-21,1.2275
2013-02-22,1.2258
2013-02-25,1.2173
2013-02-26,1.2173
2013-02-27,1.2209
2013-02-28,1.2227
2013-03-01,1.2274
2013-03-04,1.2255
2013-03-05,1.2275
2013-03-06,1.2302
2013-03-07,1.2355
2013-03-08,1.2363
2013-03-11,1.2348
2013-03-12,1.2339
2013-03-13,1.2344
2013-03-14,1.2311
2013-03-15,1.227
2013-03-18,1.2258
2013-03-19,1.219
2013-03-20,1.2223
2013-03-21,1.2211
2013-03-22,1.2219
2013-03-25,1.2194
2013-03-26,1.2192
2013-03-27,1.2185
2013-03-28,1.2171
2013-03-29,1.2174
2013-04-01,1.2161
2013-04-02,1.2163
2013-04-03,1.2141
2013-04-04,1.2154
2013-04-05,1.2141
2013-04-08,1.2169
2013-04-09,1.2199
2013-04-10,1.2186
2013-04-11,1.2199
2013-04-12,1.2156
2013-04-15,1.2144
2013-04-16,1.2155
2013-04-17,1.2156
2013-04-18,1.2171
2013-04-19,1.2186
2013-04-22,1.2202
2013-04-23,1.2289
2013-04-24,1.2324
2013-04-25,1.2292
2013-04-26,1.2274
2013-04-29,1.2271
2013-04-30,1.2239
2013-05-01,1.2222
2013-05-02,1.2213
2013-05-03,1.2264
2013-05-06,1.2267
2013-05-07,1.2297
2013-05-08,1.2304
2013-05-09,1.2369
2013-05-10,1.2427
2013-05-13,1.2425
2013-05-14,1.249
2013-05-15,1.244
2013-05-16,1.2425
2013-05-17,1.2484
2013-05-20,1.2454
2013-05-21,1.2523
2013-05-22,1.2583
2013-05-23,1.2529
2013-05-24,1.2432
2013-05-27,1.2439
2013-05-28,1.2548
2013-05-29,1.2447
2013-05-30,1.2434
2013-05-31,1.2417
2013-06-03,1.238
2013-06-04,1.2388
2013-06-05,1.2331
2013-06-06,1.2315
2013-06-07,1.237
2013-06-10,1.2373
2013-06-11,1.2309
2013-06-12,1.2277
2013-06-13,1.2329999999999999
2013-06-14,1.2295
2013-06-17,1.2328
2013-06-18,1.2321
2013-06-19,1.2337
2013-06-20,1.2262
2013-06-21,1.2254
2013-06-24,1.2245
2013-06-25,1.227
2013-06-26,1.2264
2013-06-27,1.2319
2013-06-28,1.2297
2013-07-01,1.2344
2013-07-02,1.2337
2013-07-03,1.2313
2013-07-04,1.2346
2013-07-05,1.236
2013-07-08,1.2381
2013-07-09,1.2437
2013-07-10,1.2416
2013-07-11,1.2396
2013-07-12,1.2365
2013-07-15,1.2387
2013-07-16,1.2362
2013-07-17,1.235
2013-07-18,1.2378
2013-07-19,1.236
2013-07-22,1.2341
2013-07-23,1.2361
2013-07-24,1.2366
2013-07-25,1.2346
2013-07-26,1.2321
2013-07-29,1.2347
2013-07-30,1.2329999999999999
2013-07-31,1.2318
2013-08-01,1.2372
2013-08-02,1.2331
2013-08-05,1.2298
2013-08-06,1.2319
2013-08-07,1.2287
2013-08-08,1.2307
2013-08-09,1.2297
2013-08-12,1.2313
2013-08-13,1.2372
2013-08-14,1.2397
2013-08-15,1.2359
2013-08-16,1.2343
2013-08-19,1.2324
2013-08-20,1.2306
2013-08-21,1.2315
2013-08-22,1.2332
2013-08-23,1.2328
2013-08-26,1.2334
2013-08-27,1.2284
2013-08-28,1.2299
2013-08-29,1.2326
2013-08-30,1.2293
2013-09-02,1.2326
2013-09-03,1.2333
2013-09-04,1.2352
2013-09-05,1.2396
2013-09-06,1.2357
2013-09-09,1.2355
2013-09-10,1.2401
2013-09-11,1.2387
2013-09-12,1.2373
2013-09-13,1.2358
2013-09-16,1.2365
2013-09-17,1.2367
2013-09-18,1.2335
2013-09-19,1.2319
2013-09-20,1.2308
2013-09-23,1.229
2013-09-24,1.2296
2013-09-25,1.2298
2013-09-26,1.2276
2013-09-27,1.2245
2013-09-30,1.2237
2013-10-01,1.225
2013-10-02,1.226
2013-10-03,1.2248
2013-10-04,1.2297
2013-10-07,1.2262
2013-10-08,1.2268
2013-10-09,1.2307
2013-10-10,1.2323
2013-10-11,1.2349
2013-10-14,1.2345
2013-10-15,1.2341
2013-10-16,1.236
2013-10-17,1.2339
2013-10-18,1.234
2013-10-21,1.2336
2013-10-22,1.2332
2013-10-23,1.2289
2013-10-24,1.2314
2013-10-25,1.2315
2013-10-28,1.2346
2013-10-29,1.2355
2013-10-30,1.2349
2013-10-31,1.2319
2013-11-01,1.2302
2013-11-04,1.2293
2013-11-05,1.2308
2013-11-06,1.2325
2013-11-07,1.2287
2013-11-08,1.2316
2013-11-11,1.2324
2013-11-12,1.2326
2013-11-13,1.2316
2013-11-14,1.2333
2013-11-15,1.2345
2013-11-18,1.2328
2013-11-19,1.2329999999999999
2013-11-20,1.2312
2013-11-21,1.2306
2013-11-22,1.229
2013-11-25,1.2323
2013-11-26,1.2302
2013-11-27,1.2322
2013-11-28,1.2318
2013-11-29,1.2312
2013-12-02,1.2303
2013-12-03,1.2289
2013-12-04,1.2265
2013-12-05,1.2253
2013-12-06,1.2223
2013-12-09,1.2232
2013-12-10,1.2211
2013-12-11,1.2219
2013-12-12,1.2229999999999999
2013-12-13,1.2216
2013-12-16,1.2208
2013-12-17,1.2183
2013-12-18,1.2229999999999999
2013-12-19,1.2264
2013-12-20,1.2248
2013-12-23,1.2241
2013-12-24,1.2253
2013-12-25,1.225
2013-12-26,1.2272
2013-12-27,1.2252
2013-12-30,1.225
2013-12-31,1.2271
2014-01-01,1.2268
2014-01-02,1.2288
2014-01-03,1.2298
2014-01-06,1.2317
2014-01-07,1.2375
2014-01-08,1.2368
2014-01-09,1.234
2014-01-10,1.2338
2014-01-13,1.229
2014-01-14,1.2344
2014-01-15,1.2361
2014-01-16,1.2323
2014-01-17,1.2321
2014-01-20,1.2329
2014-01-21,1.2338
2014-01-22,1.2344
2014-01-23,1.2288
2014-01-24,1.2231
2014-01-27,1.2254
2014-01-28,1.2265
2014-01-29,1.2219
2014-01-30,1.2234
2014-01-31,1.2223
2014-02-03,1.2184
2014-02-04,1.2214
2014-02-05,1.2227
2014-02-06,1.2243
2014-02-07,1.2243
2014-02-10,1.2235
2014-02-11,1.225
2014-02-12,1.2242
2014-02-13,1.2219
2014-02-14,1.2218
2014-02-17,1.2217
2014-02-18,1.2215
2014-02-19,1.2202
2014-02-20,1.22
2014-02-21,1.2194
2014-02-24,1.2209
2014-02-25,1.2188
2014-02-26,1.2188
2014-02-27,1.2177
2014-02-28,1.2143
2014-03-03,1.2128
2014-03-04,1.219
2014-03-05,1.2183
2014-03-06,1.2201
2014-03-07,1.218
2014-03-10,1.218
2014-03-11,1.2167
2014-03-12,1.215
2014-03-13,1.2128
2014-03-14,1.2135
2014-03-17,1.2155
2014-03-18,1.2165
2014-03-19,1.2186
2014-03-20,1.2176
2014-03-21,1.2172
2014-03-24,1.2189
2014-03-25,1.2203
2014-03-26,1.2197
2014-03-27,1.2182
2014-03-28,1.2192
2014-03-31,1.2177
2014-04-01,1.2184
2014-04-02,1.2206
2014-04-03,1.2224
2014-04-04,1.2226
2014-04-07,1.2199
2014-04-08,1.2188
2014-04-09,1.2184
2014-04-10,1.2168
2014-04-11,1.216
2014-04-14,1.2156
2014-04-15,1.2159
2014-04-16,1.2182
2014-04-17,1.2195
2014-04-18,1.22
2014-04-21,1.2205
2014-04-22,1.2217
2014-04-23,1.2204
2014-04-24,1.2195
2014-04-25,1.2193
2014-04-28,1.2191
2014-04-29,1.2203
2014-04-30,1.2204
2014-05-01,1.219
2014-05-02,1.2172
2014-05-05,1.2178
2014-05-06,1.2174
2014-05-07,1.2188
2014-05-08,1.2181
2014-05-09,1.2191
2014-05-12,1.2213
2014-05-13,1.2196
2014-05-14,1.2202
2014-05-15,1.2214
2014-05-16,1.2218
2014-05-19,1.2229999999999999
2014-05-20,1.222
2014-05-21,1.2225
2014-05-22,1.2212
2014-05-23,1.2204
2014-05-26,1.2208
2014-05-27,1.2226
2014-05-28,1.2211
2014-05-29,1.2212
2014-05-30,1.2197
2014-06-02,1.2217
2014-06-03,1.2213
2014-06-04,1.22
2014-06-05,1.2177
2014-06-06,1.2186
2014-06-09,1.2193
2014-06-10,1.218
2014-06-11,1.2175
2014-06-12,1.2172
2014-06-13,1.2183
2014-06-16,1.2176
2014-06-17,1.2183
2014-06-18,1.2177
2014-06-19,1.2166
2014-06-20,1.2164
2014-06-23,1.2164
2014-06-24,1.2161
2014-06-25,1.2167
2014-06-26,1.2162
2014-06-27,1.2156
2014-06-30,1.2141
2014-07-01,1.2139
2014-07-02,1.214
2014-07-03,1.2157
2014-07-04,1.2152
2014-07-07,1.2155
2014-07-08,1.2154
2014-07-09,1.2154
2014-07-10,1.2144
2014-07-11,1.2135
2014-07-14,1.2145
2014-07-15,1.2153
2014-07-16,1.2148
2014-07-17,1.2139
2014-07-18,1.2148
2014-07-21,1.2143
2014-07-22,1.2152
2014-07-23,1.2147
2014-07-24,1.2151
2014-07-25,1.2147
2014-07-28,1.2149
2014-07-29,1.2159
2014-07-30,1.2172
2014-07-31,1.2167
2014-08-01,1.2161
2014-08-04,1.2169
2014-08-05,1.2159
2014-08-06,1.2146
2014-08-07,1.2144
2014-08-08,1.2136
2014-08-11,1.2133
2014-08-12,1.2131
2014-08-13,1.2128
2014-08-14,1.2116
2014-08-15,1.2091
2014-08-18,1.2114
2014-08-19,1.2109999999999999
2014-08-20,1.2112
2014-08-21,1.2104
2014-08-22,1.2101
2014-08-25,1.2077
2014-08-26,1.2081
2014-08-27,1.2068
2014-08-28,1.2063
2014-08-29,1.206
2014-09-01,1.2069
2014-09-02,1.207
2014-09-03,1.2067
2014-09-04,1.2061
2014-09-05,1.2055
2014-09-08,1.2063
2014-09-09,1.2068
2014-09-10,1.2098
2014-09-11,1.2091
2014-09-12,1.2096
2014-09-15,1.2104
2014-09-16,1.2084
2014-09-17,1.2105
2014-09-18,1.2066
2014-09-19,1.2068
2014-09-22,1.2076
2014-09-23,1.2075
2014-09-24,1.2083
2014-09-25,1.2073
2014-09-26,1.2064
2014-09-29,1.207
2014-09-30,1.2062
2014-10-01,1.2069
2014-10-02,1.2084
2014-10-03,1.2107
2014-10-06,1.2127
2014-10-07,1.2118
2014-10-08,1.2122
2014-10-09,1.2109
2014-10-10,1.2083
2014-10-13,1.2088
2014-10-14,1.2073
2014-10-15,1.2071
2014-10-16,1.2073
2014-10-17,1.2078
2014-10-20,1.2068
2014-10-21,1.2068
2014-10-22,1.2061
2014-10-23,1.2065
2014-10-24,1.2057
2014-10-27,1.2057
2014-10-28,1.2059
2014-10-29,1.206
2014-10-30,1.2056
2014-10-31,1.2051
2014-11-03,1.2055
2014-11-04,1.2042
2014-11-05,1.2035
2014-11-06,1.2042
2014-11-07,1.2034
2014-11-10,1.2025
2014-11-11,1.2031
2014-11-12,1.202
2014-11-13,1.2019
2014-11-14,1.2012
2014-11-17,1.2011
2014-11-18,1.2012
2014-11-19,1.2012
2014-11-20,1.2018
2014-11-21,1.2014
2014-11-24,1.2025
2014-11-25,1.2027
2014-11-26,1.2021
2014-11-27,1.202
2014-11-28,1.2023
2014-12-01,1.2029
2014-12-02,1.204
2014-12-03,1.2034
2014-12-04,1.2022
2014-12-05,1.2018
2014-12-08,1.2021
2014-12-09,1.2019
2014-12-10,1.2031
2014-12-11,1.2009999999999998
2014-12-12,1.2007
2014-12-15,1.2009
2014-12-16,1.2009
2014-12-17,1.2008
2014-12-18,1.2039
2014-12-19,1.2029
2014-12-22,1.2032
2014-12-23,1.2025
2014-12-24,1.2021
2014-12-25,1.2025
2014-12-26,1.2024
2014-12-29,1.203
2014-12-30,1.2022
2014-12-31,1.2024
2015-01-01,1.2025
2015-01-02,1.2016
2015-01-05,1.2014
2015-01-06,1.2009999999999998
2015-01-07,1.2008
2015-01-08,1.2009999999999998
2015-01-09,1.2008
2015-01-12,1.2008
2015-01-13,1.2009999999999998
2015-01-14,1.2008
2015-01-15,0.9991
2015-01-16,0.9935
2015-01-19,1.02
2015-01-20,1.0103
2015-01-21,0.9995
2015-01-22,0.9896
2015-01-23,0.9861
2015-01-26,1.0133
2015-01-27,1.026
2015-01-28,1.0211
2015-01-29,1.0449
2015-01-30,1.0384
2015-02-02,1.0517
2015-02-03,1.0599
2015-02-04,1.0484
2015-02-05,1.0573
2015-02-06,1.0476
2015-02-09,1.0471
2015-02-10,1.0490000000000002
2015-02-11,1.0516
2015-02-12,1.0611
2015-02-13,1.0625
2015-02-16,1.0573
2015-02-17,1.0688
2015-02-18,1.0737
2015-02-19,1.0789
2015-02-20,1.0669
2015-02-23,1.0767
2015-02-24,1.0781
2015-02-25,1.0776
2015-02-26,1.0661
2015-02-27,1.0666
2015-03-02,1.0711
2015-03-03,1.0743
2015-03-04,1.0674
2015-03-05,1.0738
2015-03-06,1.069
2015-03-09,1.0698
2015-03-10,1.0673
2015-03-11,1.0646
2015-03-12,1.0656
2015-03-13,1.0554
2015-03-16,1.0648
2015-03-17,1.0655
2015-03-18,1.064
2015-03-19,1.0554
2015-03-20,1.0547
2015-03-23,1.0575
2015-03-24,1.0466
2015-03-25,1.0529
2015-03-26,1.0477
2015-03-27,1.0479
2015-03-30,1.047
2015-03-31,1.0433
2015-04-01,1.0405
2015-04-02,1.044
2015-04-03,1.0448
2015-04-06,1.0475
2015-04-07,1.045
2015-04-08,1.042
2015-04-09,1.0414
2015-04-10,1.0375
2015-04-13,1.0334
2015-04-14,1.0357
2015-04-15,1.0301
2015-04-16,1.0287
2015-04-17,1.0282
2015-04-20,1.0264
2015-04-21,1.0257
2015-04-22,1.0397
2015-04-23,1.0336
2015-04-24,1.0373
2015-04-27,1.0391
2015-04-28,1.0488
2015-04-29,1.0449
2015-04-30,1.0464
2015-05-01,1.0438
2015-05-04,1.0413
2015-05-05,1.0365
2015-05-06,1.0391
2015-05-07,1.0367
2015-05-08,1.0443
2015-05-11,1.0417
2015-05-12,1.0419
2015-05-13,1.0408
2015-05-14,1.0406
2015-05-15,1.0477
2015-05-18,1.0479
2015-05-19,1.0445
2015-05-20,1.0394
2015-05-21,1.0408
2015-05-22,1.0379
2015-05-25,1.0375
2015-05-26,1.037
2015-05-27,1.0354
2015-05-28,1.0337
2015-05-29,1.0334
2015-06-01,1.0334
2015-06-02,1.0406
2015-06-03,1.052
2015-06-04,1.0474
2015-06-05,1.0435
2015-06-08,1.0461
2015-06-09,1.0498
2015-06-10,1.0553
2015-06-11,1.0497
2015-06-12,1.0451
2015-06-15,1.0485
2015-06-16,1.0481
2015-06-17,1.0456
2015-06-18,1.0471
2015-06-19,1.0402
2015-06-22,1.045
2015-06-23,1.0434
2015-06-24,1.0457
2015-06-25,1.0488
2015-06-26,1.042
2015-06-29,1.038
2015-06-30,1.0415
2015-07-01,1.0471
2015-07-02,1.0456
2015-07-03,1.0446
2015-07-06,1.0418
2015-07-07,1.0417
2015-07-08,1.0469
2015-07-09,1.0493
2015-07-10,1.0475
2015-07-13,1.0454
2015-07-14,1.0405
2015-07-15,1.0431
2015-07-16,1.0415
2015-07-17,1.0411
2015-07-20,1.0435
2015-07-21,1.0481
2015-07-22,1.0487
2015-07-23,1.0542
2015-07-24,1.0567
2015-07-27,1.0666
2015-07-28,1.0641
2015-07-29,1.0627
2015-07-30,1.0593
2015-07-31,1.0611
2015-08-03,1.0613
2015-08-04,1.0647
2015-08-05,1.0673
2015-08-06,1.0717
2015-08-07,1.0782
2015-08-10,1.0836
2015-08-11,1.0915
2015-08-12,1.0877
2015-08-13,1.0883
2015-08-14,1.0832
2015-08-17,1.0838
2015-08-18,1.0778
2015-08-19,1.0732
2015-08-20,1.0772
2015-08-21,1.0774
2015-08-24,1.0801
2015-08-25,1.083
2015-08-26,1.0795
2015-08-27,1.0852
2015-08-28,1.0758
2015-08-31,1.0837
2015-09-01,1.0843
2015-09-02,1.0882
2015-09-03,1.0824
2015-09-04,1.083
2015-09-07,1.0893
2015-09-08,1.0961
2015-09-09,1.0936
2015-09-10,1.0982
2015-09-11,1.0982
2015-09-14,1.0951
2015-09-15,1.0979999999999999
2015-09-16,1.0958
2015-09-17,1.0966
2015-09-18,1.0952
2015-09-21,1.0873
2015-09-22,1.0853
2015-09-23,1.0951
2015-09-24,1.0929
2015-09-25,1.0964
2015-09-28,1.0947
2015-09-29,1.0929
2015-09-30,1.0881
2015-10-01,1.0933
2015-10-02,1.0885
2015-10-05,1.0918
2015-10-06,1.0898
2015-10-07,1.0939
2015-10-08,1.0901
2015-10-09,1.0921
2015-10-12,1.0932
2015-10-13,1.0905
2015-10-14,1.0894
2015-10-15,1.0821
2015-10-16,1.0816
2015-10-19,1.083
2015-10-20,1.0853
2015-10-21,1.0878
2015-10-22,1.0806
2015-10-23,1.0777
2015-10-26,1.0867
2015-10-27,1.0892
2015-10-28,1.0858
2015-10-29,1.0867
2015-10-30,1.0873
2015-11-02,1.0872
2015-11-03,1.0862
2015-11-04,1.079
2015-11-05,1.0832
2015-11-06,1.0797
2015-11-09,1.0791
2015-11-10,1.0787
2015-11-11,1.0795
2015-11-12,1.0812
2015-11-13,1.084
2015-11-16,1.0787
2015-11-17,1.0795
2015-11-18,1.0869
2015-11-19,1.0873
2015-11-20,1.0838
2015-11-23,1.0828
2015-11-24,1.0821
2015-11-25,1.0849
2015-11-26,1.0854
2015-11-27,1.0906
2015-11-30,1.0872
2015-12-01,1.0902
2015-12-02,1.0807
2015-12-03,1.0856
2015-12-04,1.0836
2015-12-07,1.0836
2015-12-08,1.0812
2015-12-09,1.0834
2015-12-10,1.0813
2015-12-11,1.0799
2015-12-14,1.084
2015-12-15,1.0834
2015-12-16,1.0798
2015-12-17,1.0779
2015-12-18,1.0776
2015-12-21,1.0826
2015-12-22,1.0816
2015-12-23,1.0803
2015-12-24,1.0811
2015-12-25,1.0831
2015-12-28,1.0842
2015-12-29,1.084
2015-12-30,1.0803
2015-12-31,1.0876
2016-01-01,1.0859999999999999
2016-01-04,1.0852
2016-01-05,1.0843
2016-01-06,1.0855
2016-01-07,1.0856
2016-01-08,1.0863
2016-01-11,1.0877
2016-01-12,1.0875
2016-01-13,1.0949
2016-01-14,1.0917
2016-01-15,1.0925
2016-01-18,1.0945
2016-01-19,1.095
2016-01-20,1.094
2016-01-21,1.0949
2016-01-22,1.0967
2016-01-25,1.0989
2016-01-26,1.1053
2016-01-27,1.1062
2016-01-28,1.109
2016-01-29,1.1066
2016-02-01,1.1102
2016-02-02,1.1127
2016-02-03,1.1145
2016-02-04,1.1129
2016-02-05,1.1052
2016-02-08,1.1051
2016-02-09,1.0987
2016-02-10,1.0981
2016-02-11,1.1003
2016-02-12,1.0996
2016-02-15,1.1013
2016-02-16,1.101
2016-02-17,1.1044
2016-02-18,1.1028
2016-02-19,1.1013
2016-02-22,1.1025
2016-02-23,1.0926
2016-02-24,1.0892
2016-02-25,1.0915
2016-02-26,1.0891
2016-02-29,1.0859999999999999
2016-03-01,1.0835
2016-03-02,1.0831
2016-03-03,1.0858
2016-03-04,1.0925
2016-03-07,1.0965
2016-03-08,1.0956
2016-03-09,1.0965
2016-03-10,1.1009
2016-03-11,1.0938
2016-03-14,1.0962
2016-03-15,1.0959
2016-03-16,1.097
2016-03-17,1.0945
2016-03-18,1.0921
2016-03-21,1.0909
2016-03-22,1.0912
2016-03-23,1.0905
2016-03-24,1.0904
2016-03-25,1.0906
2016-03-28,1.0904
2016-03-29,1.0912
2016-03-30,1.0938
2016-03-31,1.0938
2016-04-01,1.0909
2016-04-04,1.0921
2016-04-05,1.0885
2016-04-06,1.0895
2016-04-07,1.0875
2016-04-08,1.0854
2016-04-11,1.0891
2016-04-12,1.0876
2016-04-13,1.0901
2016-04-14,1.0889
2016-04-15,1.0917
2016-04-18,1.0913
2016-04-19,1.0926
2016-04-20,1.0978
2016-04-21,1.1004
2016-04-22,1.0968
2016-04-25,1.0985
2016-04-26,1.1
2016-04-27,1.0997
2016-04-28,1.0975
2016-04-29,1.0981
2016-05-02,1.1006
2016-05-03,1.0972
2016-05-04,1.0998
2016-05-05,1.1037
2016-05-06,1.1084
2016-05-09,1.1057
2016-05-10,1.1095
2016-05-11,1.1096
2016-05-12,1.1043
2016-05-13,1.1027
2016-05-16,1.1064
2016-05-17,1.1092
2016-05-18,1.1087
2016-05-19,1.1099
2016-05-20,1.1107
2016-05-23,1.1099
2016-05-24,1.1065
2016-05-25,1.1059
2016-05-26,1.1074
2016-05-27,1.1053
2016-05-30,1.1051
2016-05-31,1.1058
2016-06-01,1.1058
2016-06-02,1.1044
2016-06-03,1.1085
2016-06-06,1.102
2016-06-07,1.0961
2016-06-08,1.0927
2016-06-09,1.091
2016-06-10,1.0846
2016-06-13,1.087
2016-06-14,1.0798
2016-06-15,1.0822
2016-06-16,1.0843
2016-06-17,1.0821
2016-06-20,1.0881
2016-06-21,1.0828
2016-06-22,1.0869
2016-06-23,1.0948
2016-06-24,1.081
2016-06-27,1.0773
2016-06-28,1.0858
2016-06-29,1.0895
2016-06-30,1.0842
2016-07-01,1.0836
2016-07-04,1.0823
2016-07-05,1.0811
2016-07-06,1.0821
2016-07-07,1.0826
2016-07-08,1.0864
2016-07-11,1.0867
2016-07-12,1.0939
2016-07-13,1.0922
2016-07-14,1.0904
2016-07-15,1.0836
2016-07-18,1.0881
2016-07-19,1.0862
2016-07-20,1.0869
2016-07-21,1.0865
2016-07-22,1.0831
2016-07-25,1.0835
2016-07-26,1.0902
2016-07-27,1.0906
2016-07-28,1.0859999999999999
2016-07-29,1.083
2016-08-01,1.0812
2016-08-02,1.0822
2016-08-03,1.0846
2016-08-04,1.0838
2016-08-05,1.0865
2016-08-08,1.0895
2016-08-09,1.0909
2016-08-10,1.0896
2016-08-11,1.0859
2016-08-12,1.0877
2016-08-15,1.088
2016-08-16,1.0845
2016-08-17,1.0859999999999999
2016-08-18,1.0833
2016-08-19,1.0873
2016-08-22,1.0893
2016-08-23,1.0887
2016-08-24,1.0892
2016-08-25,1.0917
2016-08-26,1.0944
2016-08-29,1.0942
2016-08-30,1.0961
2016-08-31,1.0978
2016-09-01,1.0971
2016-09-02,1.0918
2016-09-05,1.0926
2016-09-06,1.0912
2016-09-07,1.09
2016-09-08,1.0951
2016-09-09,1.0953
2016-09-12,1.0921
2016-09-13,1.0957
2016-09-14,1.0944
2016-09-15,1.0926
2016-09-16,1.0936
2016-09-19,1.0955
2016-09-20,1.092
2016-09-21,1.0894
2016-09-22,1.0861
2016-09-23,1.0895
2016-09-26,1.0904
2016-09-27,1.0888
2016-09-28,1.0892
2016-09-29,1.0838
2016-09-30,1.0918
2016-10-03,1.0917
2016-10-04,1.0966
2016-10-05,1.0915
2016-10-06,1.0934
2016-10-07,1.0952
2016-10-10,1.0941
2016-10-11,1.0927
2016-10-12,1.0904
2016-10-13,1.0899
2016-10-14,1.0859999999999999
2016-10-17,1.0877
2016-10-18,1.0867
2016-10-19,1.0855
2016-10-20,1.0846
2016-10-21,1.081
2016-10-24,1.0806
2016-10-25,1.0827
2016-10-26,1.0837
2016-10-27,1.0828
2016-10-28,1.0845
2016-10-31,1.0855
2016-11-01,1.0781
2016-11-02,1.0801
2016-11-03,1.0817
2016-11-04,1.0778
2016-11-07,1.0759
2016-11-08,1.0784
2016-11-09,1.0746
2016-11-10,1.0744
2016-11-11,1.0721
2016-11-14,1.0713
2016-11-15,1.0741
2016-11-16,1.0714
2016-11-17,1.0699
2016-11-18,1.0694
2016-11-21,1.0715
2016-11-22,1.0744
2016-11-23,1.073
2016-11-24,1.0733
2016-11-25,1.074
2016-11-28,1.0752
2016-11-29,1.0771
2016-11-30,1.0771
2016-12-01,1.0771
2016-12-02,1.0771
2016-12-05,1.0828
2016-12-06,1.0819
2016-12-07,1.0832
2016-12-08,1.0786
2016-12-09,1.0737
2016-12-12,1.0778
2016-12-13,1.0755
2016-12-14,1.0745
2016-12-15,1.0734
2016-12-16,1.0724
2016-12-19,1.0684
2016-12-20,1.0686
2016-12-21,1.07
2016-12-22,1.0702
2016-12-23,1.072
2016-12-26,1.0734
2016-12-27,1.0748
2016-12-28,1.071
2016-12-29,1.073
2016-12-30,1.0705
2017-01-02,1.0709
2017-01-03,1.069
2017-01-04,1.0705
2017-01-05,1.0705
2017-01-06,1.071
2017-01-09,1.0732
2017-01-10,1.0732
2017-01-11,1.0732
2017-01-12,1.0724
2017-01-13,1.0733
2017-01-16,1.0716
2017-01-17,1.0728
2017-01-18,1.0708
2017-01-19,1.0724
2017-01-20,1.0721
2017-01-23,1.073
2017-01-24,1.0743
2017-01-25,1.0741
2017-01-26,1.068
2017-01-27,1.0685
2017-01-30,1.0646
2017-01-31,1.068
2017-02-01,1.0694
2017-02-02,1.0677
2017-02-03,1.07
2017-02-06,1.065
2017-02-07,1.0654
2017-02-08,1.064
2017-02-09,1.0669
2017-02-10,1.0662
2017-02-13,1.0657
2017-02-14,1.0643
2017-02-15,1.0653
2017-02-16,1.064
2017-02-17,1.064
2017-02-20,1.0644
2017-02-21,1.064
2017-02-22,1.0668
2017-02-23,1.0648
2017-02-24,1.062
2017-02-27,1.0681
2017-02-28,1.0638
2017-03-01,1.0642
2017-03-02,1.0645
2017-03-03,1.0691
2017-03-06,1.0709
2017-03-07,1.0706
2017-03-08,1.0697
2017-03-09,1.0704
2017-03-10,1.0797
2017-03-13,1.0732
2017-03-14,1.0712
2017-03-15,1.074
2017-03-16,1.0731
2017-03-17,1.0717
2017-03-20,1.0722
2017-03-21,1.074
2017-03-22,1.0704
2017-03-23,1.071
2017-03-24,1.0701
2017-03-27,1.0707
2017-03-28,1.0728
2017-03-29,1.0722
2017-03-30,1.069
2017-03-31,1.0696
2017-04-03,1.0686
2017-04-04,1.0696
2017-04-05,1.0711
2017-04-06,1.0699
2017-04-07,1.0682
2017-04-10,1.0683
2017-04-11,1.0683
2017-04-12,1.0691
2017-04-13,1.0675
2017-04-14,1.0674
2017-04-17,1.0688
2017-04-18,1.0688
2017-04-19,1.069
2017-04-20,1.0701
2017-04-21,1.0674
2017-04-24,1.0822
2017-04-25,1.0856
2017-04-26,1.0833
2017-04-27,1.0808
2017-04-28,1.0827
2017-05-01,1.0859999999999999
2017-05-02,1.0837
2017-05-03,1.0825
2017-05-04,1.0827
2017-05-05,1.0855
2017-05-08,1.0907
2017-05-09,1.0955
2017-05-10,1.0965
2017-05-11,1.0947
2017-05-12,1.0935
2017-05-15,1.0936
2017-05-16,1.0926
2017-05-17,1.0925
2017-05-18,1.0879
2017-05-19,1.0886
2017-05-22,1.0939
2017-05-23,1.0915
2017-05-24,1.0919
2017-05-25,1.0908
2017-05-26,1.0878
2017-05-29,1.09
2017-05-30,1.0902
2017-05-31,1.0881
2017-06-01,1.0892
2017-06-02,1.0863
2017-06-05,1.0864
2017-06-06,1.0849
2017-06-07,1.0858
2017-06-08,1.0845
2017-06-09,1.0848
2017-06-12,1.0851
2017-06-13,1.0858
2017-06-14,1.0888
2017-06-15,1.087
2017-06-16,1.0878
2017-06-19,1.0878
2017-06-20,1.0853
2017-06-21,1.0859
2017-06-22,1.0836
2017-06-23,1.0851
2017-06-26,1.0873
2017-06-27,1.0889
2017-06-28,1.0918
2017-06-29,1.0932
2017-06-30,1.0958
2017-07-03,1.095
2017-07-04,1.0951
2017-07-05,1.0942
2017-07-06,1.097
2017-07-07,1.0985
2017-07-10,1.1008
2017-07-11,1.1051
2017-07-12,1.1017
2017-07-13,1.1023
2017-07-14,1.1056
2017-07-17,1.1049
2017-07-18,1.1031
2017-07-19,1.1007
2017-07-20,1.1063
2017-07-21,1.1029
2017-07-24,1.1025
2017-07-25,1.1093
2017-07-26,1.1161
2017-07-27,1.1268
2017-07-28,1.1384
2017-07-31,1.1443
2017-08-01,1.14
2017-08-02,1.15
2017-08-03,1.1493
2017-08-04,1.1451
2017-08-07,1.1478
2017-08-08,1.1440000000000001
2017-08-09,1.1334
2017-08-10,1.1324
2017-08-11,1.1371
2017-08-14,1.145
2017-08-15,1.1416
2017-08-16,1.1366
2017-08-17,1.1291
2017-08-18,1.1345
2017-08-21,1.1369
2017-08-22,1.1387
2017-08-23,1.1398
2017-08-24,1.1392
2017-08-25,1.1393
2017-08-28,1.1389
2017-08-29,1.1431
2017-08-30,1.1455
2017-08-31,1.1431
2017-09-01,1.1441
2017-09-04,1.1398
2017-09-05,1.1371
2017-09-06,1.1399
2017-09-07,1.1422
2017-09-08,1.1368
2017-09-11,1.143
2017-09-12,1.1491
2017-09-13,1.1453
2017-09-14,1.146
2017-09-15,1.1458
2017-09-18,1.1498
2017-09-19,1.1541
2017-09-20,1.1531
2017-09-21,1.159
2017-09-22,1.1576
2017-09-25,1.1455
2017-09-26,1.1423
2017-09-27,1.1416
2017-09-28,1.1433
2017-09-29,1.1438
2017-10-02,1.1436
2017-10-03,1.143
2017-10-04,1.1466
2017-10-05,1.1457
2017-10-06,1.1479
2017-10-09,1.1503
2017-10-10,1.1513
2017-10-11,1.1547
2017-10-12,1.1539
2017-10-13,1.1516
2017-10-16,1.1503
2017-10-17,1.1511
2017-10-18,1.1574
2017-10-19,1.1563
2017-10-20,1.1596
2017-10-23,1.1571
2017-10-24,1.1657
2017-10-25,1.1686
2017-10-26,1.1619
2017-10-27,1.1582
2017-10-30,1.1592
2017-10-31,1.1616
2017-11-01,1.1651
2017-11-02,1.1649
2017-11-03,1.1612
2017-11-06,1.1582
2017-11-07,1.1587
2017-11-08,1.1593
2017-11-09,1.1574
2017-11-10,1.1614
2017-11-13,1.1622
2017-11-14,1.1674
2017-11-15,1.1644
2017-11-16,1.17
2017-11-17,1.1657
2017-11-20,1.1656
2017-11-21,1.1632
2017-11-22,1.1602
2017-11-23,1.1631
2017-11-24,1.1684
2017-11-27,1.1678
2017-11-28,1.1653
2017-11-29,1.1664
2017-11-30,1.1703
2017-12-01,1.1609
2017-12-04,1.1687
2017-12-05,1.1674
2017-12-06,1.1676
2017-12-07,1.1707
2017-12-08,1.1681
2017-12-11,1.1674
2017-12-12,1.1638
2017-12-13,1.166
2017-12-14,1.1642
2017-12-15,1.1633
2017-12-18,1.1615
2017-12-19,1.1661
2017-12-20,1.1713
2017-12-21,1.1731
2017-12-22,1.1714
2017-12-25,1.1733
2017-12-26,1.1733
2017-12-27,1.1727
2017-12-28,1.1683
2017-12-29,1.1683
2018-01-01,1.1706
2018-01-02,1.1718
2018-01-03,1.1735
2018-01-04,1.1763
2018-01-05,1.1717
2018-01-08,1.1695
2018-01-09,1.1735
2018-01-10,1.1689
2018-01-11,1.1738
2018-01-12,1.1795
2018-01-15,1.181
2018-01-16,1.1764
2018-01-17,1.1758
2018-01-18,1.1734
2018-01-19,1.1771
2018-01-22,1.179
2018-01-23,1.1779
2018-01-24,1.1728
2018-01-25,1.1664
2018-01-26,1.1597
2018-01-29,1.1611
2018-01-30,1.1592
2018-01-31,1.1564
2018-02-01,1.1579
2018-02-02,1.1599
2018-02-05,1.1529
2018-02-06,1.1586
2018-02-07,1.1559
2018-02-08,1.1459
2018-02-09,1.1502
2018-02-12,1.1548
2018-02-13,1.1553
2018-02-14,1.157
2018-02-15,1.1528
2018-02-16,1.1517
2018-02-19,1.1520000000000001
2018-02-20,1.1551
2018-02-21,1.1532
2018-02-22,1.1501
2018-02-23,1.1503
2018-02-26,1.1551
2018-02-27,1.1486
2018-02-28,1.1513
2018-03-01,1.1554
2018-03-02,1.1537
2018-03-05,1.1593
2018-03-06,1.1640000000000001
2018-03-07,1.1707
2018-03-08,1.1708
2018-03-09,1.1703
2018-03-12,1.169
2018-03-13,1.1694
2018-03-14,1.1686
2018-03-15,1.1709
2018-03-16,1.1695
2018-03-19,1.1736
2018-03-20,1.1705
2018-03-21,1.171
2018-03-22,1.1671
2018-03-23,1.1697
2018-03-26,1.177
2018-03-27,1.1739
2018-03-28,1.1777
2018-03-29,1.1761
2018-03-30,1.1752
2018-04-02,1.1747
2018-04-03,1.1763
2018-04-04,1.1796
2018-04-05,1.1788
2018-04-06,1.1772
2018-04-09,1.1781
2018-04-10,1.1824
2018-04-11,1.1844
2018-04-12,1.1862
2018-04-13,1.1868
2018-04-16,1.1883
2018-04-17,1.1962
2018-04-18,1.1988
2018-04-19,1.1993
2018-04-20,1.1976
2018-04-23,1.1942
2018-04-24,1.1976
2018-04-25,1.1961
2018-04-26,1.1972
2018-04-27,1.1972
2018-04-30,1.1968
2018-05-01,1.195
2018-05-02,1.1942
2018-05-03,1.1959
2018-05-04,1.195
2018-05-07,1.1954
2018-05-08,1.1881
2018-05-09,1.1913
2018-05-10,1.1951
2018-05-11,1.1944
2018-05-14,1.1932
2018-05-15,1.1833
2018-05-16,1.1823
2018-05-17,1.1814
2018-05-18,1.1744
2018-05-21,1.1754
2018-05-22,1.169
2018-05-23,1.1638
2018-05-24,1.1616
2018-05-25,1.1529
2018-05-28,1.155
2018-05-29,1.1437
2018-05-30,1.1536
2018-05-31,1.1520000000000001
2018-06-01,1.1518
2018-06-04,1.1559
2018-06-05,1.1536
2018-06-06,1.1616
2018-06-07,1.1564
2018-06-08,1.1589
2018-06-11,1.1609
2018-06-12,1.1592
2018-06-13,1.162
2018-06-14,1.1543
2018-06-15,1.1577
2018-06-18,1.1568
2018-06-19,1.1522
2018-06-20,1.1533
2018-06-21,1.1507
2018-06-22,1.1514
2018-06-25,1.155
2018-06-26,1.1543
2018-06-27,1.1523
2018-06-28,1.1536
2018-06-29,1.1569
2018-07-02,1.1565
2018-07-03,1.1566
2018-07-04,1.1572
2018-07-05,1.1614
2018-07-06,1.1624
2018-07-09,1.1649
2018-07-10,1.1645
2018-07-11,1.1625
2018-07-12,1.1696
2018-07-13,1.1701
2018-07-16,1.1674
2018-07-17,1.166
2018-07-18,1.163
2018-07-19,1.1636
2018-07-20,1.163
2018-07-23,1.161
2018-07-24,1.161
2018-07-25,1.1627
2018-07-26,1.1573
2018-07-27,1.1588
2018-07-30,1.1569
2018-07-31,1.1573
2018-08-01,1.1566
2018-08-02,1.1534
2018-08-03,1.1493
2018-08-06,1.1515
2018-08-07,1.1548
2018-08-08,1.1531
2018-08-09,1.145
2018-08-10,1.1355
2018-08-13,1.1327
2018-08-14,1.1281
2018-08-15,1.1273
2018-08-16,1.1341
2018-08-17,1.1386
2018-08-20,1.1385
2018-08-21,1.1396
2018-08-22,1.1396
2018-08-23,1.1381
2018-08-24,1.1426
2018-08-27,1.1440000000000001
2018-08-28,1.1418
2018-08-29,1.1363
2018-08-30,1.1299
2018-08-31,1.1236
2018-09-03,1.1257
2018-09-04,1.1283
2018-09-05,1.1299
2018-09-06,1.1218
2018-09-07,1.1192
2018-09-10,1.13
2018-09-11,1.1283
2018-09-12,1.1281
2018-09-13,1.1284
2018-09-14,1.1256
2018-09-17,1.1234
2018-09-18,1.1257
2018-09-19,1.1291
2018-09-20,1.1295
2018-09-21,1.1261
2018-09-24,1.1335
2018-09-25,1.1355
2018-09-26,1.1336
2018-09-27,1.1367
2018-09-28,1.1395
2018-10-01,1.1389
2018-10-02,1.1364
2018-10-03,1.1379
2018-10-04,1.1419
2018-10-05,1.1426
2018-10-08,1.1405
2018-10-09,1.1399
2018-10-10,1.1409
2018-10-11,1.1474
2018-10-12,1.1459
2018-10-15,1.1433
2018-10-16,1.1463
2018-10-17,1.1444
2018-10-18,1.1407
2018-10-19,1.1463
2018-10-22,1.1421
2018-10-23,1.1407
2018-10-24,1.1365
2018-10-25,1.137
2018-10-26,1.1368
2018-10-29,1.1394
2018-10-30,1.1402
2018-10-31,1.1409
2018-11-01,1.1431
2018-11-02,1.1422
2018-11-05,1.1455
2018-11-06,1.1452
2018-11-07,1.1451
2018-11-08,1.1429
2018-11-09,1.1395
2018-11-12,1.1339
2018-11-13,1.1374
2018-11-14,1.1388
2018-11-15,1.1404
2018-11-16,1.141
2018-11-19,1.1376
2018-11-20,1.1311
2018-11-21,1.1321
2018-11-22,1.1336
2018-11-23,1.1303
2018-11-26,1.1311
2018-11-27,1.1277
2018-11-28,1.1296
2018-11-29,1.1343
2018-11-30,1.1291
2018-12-03,1.133
2018-12-04,1.1313
2018-12-05,1.1317
2018-12-06,1.1295
2018-12-07,1.1278
2018-12-10,1.1241
2018-12-11,1.1244
2018-12-12,1.1291
2018-12-13,1.1284
2018-12-14,1.1278
2018-12-17,1.1266
2018-12-18,1.1281
2018-12-19,1.1312
2018-12-20,1.1306
2018-12-21,1.1294
2018-12-24,1.1263
2018-12-25,1.1252
2018-12-26,1.1299
2018-12-27,1.1293
2018-12-28,1.1265
2018-12-31,1.1252
2019-01-01,1.1251
2019-01-02,1.1209
2019-01-03,1.1244
2019-01-04,1.124
2019-01-07,1.1242
2019-01-08,1.1227
2019-01-09,1.1247
2019-01-10,1.1314
2019-01-11,1.1269
2019-01-14,1.1246
2019-01-15,1.1267
2019-01-16,1.1278
2019-01-17,1.1316
2019-01-18,1.1307
2019-01-21,1.1339
2019-01-22,1.1331
2019-01-23,1.1321
2019-01-24,1.1262
2019-01-25,1.1324
2019-01-28,1.1333
2019-01-29,1.1373
2019-01-30,1.1413
2019-01-31,1.1381
2019-02-01,1.1401
2019-02-04,1.141
2019-02-05,1.1402
2019-02-06,1.1391
2019-02-07,1.1367
2019-02-08,1.1329
2019-02-11,1.1322
2019-02-12,1.1398
2019-02-13,1.1361
2019-02-14,1.135
2019-02-15,1.135
2019-02-18,1.1361
2019-02-19,1.1351
2019-02-20,1.1347
2019-02-21,1.1344
2019-02-22,1.1340000000000001
2019-02-25,1.1364
2019-02-26,1.139
2019-02-27,1.1382
2019-02-28,1.1341
2019-03-01,1.1355
2019-03-04,1.1326
2019-03-05,1.1351
2019-03-06,1.1362
2019-03-07,1.1315
2019-03-08,1.1317
2019-03-11,1.1376
2019-03-12,1.1374
2019-03-13,1.1372
2019-03-14,1.1348
2019-03-15,1.1346
2019-03-18,1.1351
2019-03-19,1.1342
2019-03-20,1.1322
2019-03-21,1.1282
2019-03-22,1.1224
2019-03-25,1.1226
2019-03-26,1.1204
2019-03-27,1.1188
2019-03-28,1.117
2019-03-29,1.1159
2019-04-01,1.1195
2019-04-02,1.1182
2019-04-03,1.1213
2019-04-04,1.1219
2019-04-05,1.1204
2019-04-08,1.1251
2019-04-09,1.1263
2019-04-10,1.1302
2019-04-11,1.1291
2019-04-12,1.1322
2019-04-15,1.1346
2019-04-16,1.1368
2019-04-17,1.1418
2019-04-18,1.1406
2019-04-19,1.1404
2019-04-22,1.1433
2019-04-23,1.1448
2019-04-24,1.1382
2019-04-25,1.136
2019-04-26,1.1359
2019-04-29,1.1402
2019-04-30,1.1428
2019-05-01,1.1395
2019-05-02,1.139
2019-05-03,1.1374
2019-05-06,1.1394
2019-05-07,1.141
2019-05-08,1.1425
2019-05-09,1.1388
2019-05-10,1.1366
2019-05-13,1.1291
2019-05-14,1.1302
2019-05-15,1.1299
2019-05-16,1.1286
2019-05-17,1.1269
2019-05-20,1.1261
2019-05-21,1.1286
2019-05-22,1.1256
2019-05-23,1.1216
2019-05-24,1.122
2019-05-27,1.1236
2019-05-28,1.1249
2019-05-29,1.1229
2019-05-30,1.1218
2019-05-31,1.1168
2019-06-03,1.1157
2019-06-04,1.1165
2019-06-05,1.1162
2019-06-06,1.1178
2019-06-07,1.119
2019-06-10,1.1199
2019-06-11,1.1242
2019-06-12,1.1239
2019-06-13,1.1207
2019-06-14,1.1193
2019-06-17,1.1207
2019-06-18,1.1198
2019-06-19,1.1157
2019-06-20,1.1079999999999999
2019-06-21,1.1095
2019-06-24,1.1079
2019-06-25,1.1082
2019-06-26,1.1116
2019-06-27,1.1105
2019-06-28,1.1097
2019-07-01,1.1139
2019-07-02,1.1124
2019-07-03,1.113
2019-07-04,1.1113
2019-07-05,1.1125
2019-07-08,1.1148
2019-07-09,1.1135
2019-07-10,1.1126
2019-07-11,1.1141
2019-07-12,1.1087
2019-07-15,1.1082
2019-07-16,1.1075
2019-07-17,1.1082
2019-07-18,1.1064
2019-07-19,1.1011
2019-07-22,1.1011
2019-07-23,1.0985
2019-07-24,1.097
2019-07-25,1.1043
2019-07-26,1.1051
2019-07-29,1.1054
2019-07-30,1.1049
2019-07-31,1.1006
2019-08-01,1.0974
2019-08-02,1.0905
2019-08-05,1.0906
2019-08-06,1.0929
2019-08-07,1.0922
2019-08-08,1.0896
2019-08-09,1.0888
2019-08-12,1.0869
2019-08-13,1.0904
2019-08-14,1.0843
2019-08-15,1.085
2019-08-16,1.0845
2019-08-19,1.0875
2019-08-20,1.0854
2019-08-21,1.089
2019-08-22,1.09
2019-08-23,1.0852
2019-08-26,1.0867
2019-08-27,1.0884
2019-08-28,1.0875
2019-08-29,1.0909
2019-08-30,1.0876
2019-09-02,1.0863
2019-09-03,1.0827
2019-09-04,1.0821
2019-09-05,1.088
2019-09-06,1.0887
2019-09-09,1.0959999999999999
2019-09-10,1.0954
2019-09-11,1.0934
2019-09-12,1.0953
2019-09-13,1.0962
2019-09-16,1.0925
2019-09-17,1.0992
2019-09-18,1.0996
2019-09-19,1.0965
2019-09-20,1.0913
2019-09-23,1.0879
2019-09-24,1.0859999999999999
2019-09-25,1.0856
2019-09-26,1.0851
2019-09-27,1.0835
2019-09-30,1.0872
2019-10-01,1.0857
2019-10-02,1.0927
2019-10-03,1.0953
2019-10-04,1.0927
2019-10-07,1.0913
2019-10-08,1.0878
2019-10-09,1.0899
2019-10-10,1.0968
2019-10-11,1.1003
2019-10-14,1.0998
2019-10-15,1.102
2019-10-16,1.1011
2019-10-17,1.0986
2019-10-18,1.1003
2019-10-21,1.0993
2019-10-22,1.1011
2019-10-23,1.1026
2019-10-24,1.1015
2019-10-25,1.1013
2019-10-28,1.1039
2019-10-29,1.1046
2019-10-30,1.1032
2019-10-31,1.1004
2019-11-01,1.1003
2019-11-04,1.0986
2019-11-05,1.0993
2019-11-06,1.0982
2019-11-07,1.0994
2019-11-08,1.0987
2019-11-11,1.0958
2019-11-12,1.0933
2019-11-13,1.0895
2019-11-14,1.0889
2019-11-15,1.0937
2019-11-18,1.0953
2019-11-19,1.0974
2019-11-20,1.0969
2019-11-21,1.0983
2019-11-22,1.099
2019-11-25,1.0975
2019-11-26,1.0995
2019-11-27,1.0991
2019-11-28,1.0993
2019-11-29,1.1019
2019-12-02,1.0981
2019-12-03,1.0935
2019-12-04,1.095
2019-12-05,1.0963
2019-12-06,1.0954
2019-12-09,1.0928
2019-12-10,1.0919
2019-12-11,1.0938
2019-12-12,1.1012
2019-12-13,1.0944
2019-12-16,1.0952
2019-12-17,1.0926
2019-12-18,1.0898
2019-12-19,1.0881
2019-12-20,1.0891
2019-12-23,1.0888
2019-12-24,1.0863
2019-12-25,1.0863
2019-12-26,1.0885
2019-12-27,1.0889
2019-12-30,1.0853
2019-12-31,1.0854
2020-01-01,1.085
2020-01-02,1.0848
2020-01-03,1.0857
2020-01-06,1.0837
2020-01-07,1.0821
2020-01-08,1.0816
2020-01-09,1.0804
2020-01-10,1.0813
2020-01-13,1.0806
2020-01-14,1.0763
2020-01-15,1.0747
2020-01-16,1.0744
2020-01-17,1.0728
2020-01-20,1.0741
2020-01-21,1.0731
2020-01-22,1.0737
2020-01-23,1.0715
2020-01-24,1.071
2020-01-27,1.0679
2020-01-28,1.0724
2020-01-29,1.0717
2020-01-30,1.0696
2020-01-31,1.0683
2020-02-03,1.0682
2020-02-04,1.0704
2020-02-05,1.0708
2020-02-06,1.0701
2020-02-07,1.0696
2020-02-10,1.0661
2020-02-11,1.0652
2020-02-12,1.0634
2020-02-13,1.0612
2020-02-14,1.0636
2020-02-17,1.0627
2020-02-18,1.0609
2020-02-19,1.0628
2020-02-20,1.0614
2020-02-21,1.0611
2020-02-24,1.0621
2020-02-25,1.0616
2020-02-26,1.063
2020-02-27,1.0654
2020-02-28,1.0646
2020-03-02,1.0672
2020-03-03,1.0679
2020-03-04,1.0646
2020-03-05,1.0619
2020-03-06,1.0576
2020-03-09,1.0590000000000002
2020-03-10,1.06
2020-03-11,1.0576
2020-03-12,1.0566
2020-03-13,1.056
2020-03-16,1.0574
2020-03-17,1.0571
2020-03-18,1.0571
2020-03-19,1.0539
2020-03-20,1.0538
2020-03-23,1.0563
2020-03-24,1.0597
2020-03-25,1.0632
2020-03-26,1.0616
2020-03-27,1.0595
2020-03-30,1.0585
2020-03-31,1.0603
2020-04-01,1.0582
2020-04-02,1.0573
2020-04-03,1.0553
2020-04-06,1.0558
2020-04-07,1.056
2020-04-08,1.0555
2020-04-09,1.0563
2020-04-10,1.0555
2020-04-13,1.0556
2020-04-14,1.0545
2020-04-15,1.0523
2020-04-16,1.0523
2020-04-17,1.0514
2020-04-20,1.0516
2020-04-21,1.0527
2020-04-22,1.0515
2020-04-23,1.0519
2020-04-24,1.0528
2020-04-27,1.0563
2020-04-28,1.0549
2020-04-29,1.0595
2020-04-30,1.0575
2020-05-01,1.0549
2020-05-04,1.0527
2020-05-05,1.054
2020-05-06,1.0527
2020-05-07,1.0542
2020-05-08,1.0519
2020-05-11,1.0514
2020-05-12,1.0519
2020-05-13,1.0516
2020-05-14,1.0515
2020-05-15,1.0511
2020-05-18,1.0603
2020-05-19,1.0612
2020-05-20,1.0593
2020-05-21,1.0628
2020-05-22,1.0589
2020-05-25,1.0585
2020-05-26,1.0602
2020-05-27,1.0659999999999998
2020-05-28,1.0679
2020-05-29,1.0672
2020-06-01,1.0695
2020-06-02,1.0746
2020-06-03,1.0796
2020-06-04,1.0832
2020-06-05,1.0857
2020-06-08,1.0818
2020-06-09,1.0779
2020-06-10,1.0727
2020-06-11,1.0663
2020-06-12,1.0715
2020-06-15,1.0748
2020-06-16,1.0708
2020-06-17,1.0665
