,bel20
2000-01-03,3311.05
2000-01-04,3188.09
2000-01-05,3057.53
2000-01-06,3061.09
2000-01-07,3138.55
2000-01-10,3203.75
2000-01-11,3148.9
2000-01-12,3110.25
2000-01-13,3133.58
2000-01-14,3128.5
2000-01-17,3074.18
2000-01-18,2972.1
2000-01-19,2977.53
2000-01-20,2971.57
2000-01-21,2930.97
2000-01-24,2925.35
2000-01-25,2857.82
2000-01-26,2878.83
2000-01-27,2891.47
2000-01-28,2884.6
2000-01-31,2806.29
2000-02-01,2786.03
2000-02-02,2789.58
2000-02-03,2888.4
2000-02-04,2924.13
2000-02-07,2891.62
2000-02-08,2910.99
2000-02-09,2815.06
2000-02-10,2741.63
2000-02-11,2769.49
2000-02-14,2839.91
2000-02-15,2832.35
2000-02-16,2830.28
2000-02-17,2820.69
2000-02-18,2800.1
2000-02-21,2780.48
2000-02-22,2721.34
2000-02-23,2730.0
2000-02-24,2765.79
2000-02-25,2761.46
2000-02-28,2727.49
2000-02-29,2746.08
2000-03-01,2756.03
2000-03-02,2756.07
2000-03-03,2746.84
2000-03-06,2733.43
2000-03-07,2698.78
2000-03-08,2690.06
2000-03-09,2655.65
2000-03-10,2594.07
2000-03-13,2532.24
2000-03-14,2579.05
2000-03-15,2721.82
2000-03-16,2906.66
2000-03-17,2835.08
2000-03-20,2852.02
2000-03-21,2800.39
2000-03-22,2891.0
2000-03-23,2907.93
2000-03-24,2919.33
2000-03-27,2821.42
2000-03-28,2851.84
2000-03-29,2826.82
2000-03-30,2778.29
2000-03-31,2777.84
2000-04-03,2824.12
2000-04-04,2900.06
2000-04-05,2885.79
2000-04-06,2898.22
2000-04-07,2868.17
2000-04-10,2861.37
2000-04-11,2913.37
2000-04-12,2970.73
2000-04-13,2994.05
2000-04-14,2951.14
2000-04-17,2897.1
2000-04-18,2934.8
2000-04-19,2881.72
2000-04-20,2843.73
2000-04-25,2830.36
2000-04-26,2871.4
2000-04-27,2825.21
2000-04-28,2813.28
2000-05-02,2835.53
2000-05-03,2837.84
2000-05-04,2834.13
2000-05-05,2822.48
2000-05-08,2816.45
2000-05-09,2840.12
2000-05-10,2827.87
2000-05-11,2832.96
2000-05-12,2840.57
2000-05-15,2872.77
2000-05-16,2898.5
2000-05-17,2901.48
2000-05-18,2916.07
2000-05-19,2885.8
2000-05-22,2885.89
2000-05-23,2898.76
2000-05-24,2900.92
2000-05-25,2909.34
2000-05-26,2841.87
2000-05-29,2860.72
2000-05-30,2884.46
2000-05-31,2849.43
2000-06-02,2895.37
2000-06-05,2891.73
2000-06-06,2898.45
2000-06-07,2898.75
2000-06-08,2857.34
2000-06-09,2880.24
2000-06-13,2914.72
2000-06-14,2886.5
2000-06-15,2906.34
2000-06-16,2922.5
2000-06-19,2895.31
2000-06-20,2900.04
2000-06-21,2899.12
2000-06-22,2909.9
2000-06-23,2891.01
2000-06-26,2890.43
2000-06-27,2910.33
2000-06-28,2908.08
2000-06-29,2903.58
2000-06-30,2953.28
2000-07-03,2954.64
2000-07-04,2955.46
2000-07-05,2967.86
2000-07-06,2953.06
2000-07-07,2977.72
2000-07-10,2996.43
2000-07-11,3016.93
2000-07-12,3030.84
2000-07-13,3027.36
2000-07-14,3013.9
2000-07-17,3021.05
2000-07-18,3014.61
2000-07-19,3000.64
2000-07-20,3024.89
2000-07-24,3031.56
2000-07-25,3039.62
2000-07-26,3037.16
2000-07-27,3059.78
2000-07-28,3060.17
2000-07-31,3068.61
2000-08-01,3050.49
2000-08-02,3054.93
2000-08-03,3045.17
2000-08-04,3086.45
2000-08-07,3112.43
2000-08-08,3132.66
2000-08-09,3164.96
2000-08-10,3163.84
2000-08-11,3180.15
2000-08-14,3190.32
2000-08-15,3185.57
2000-08-16,3185.27
2000-08-17,3154.83
2000-08-18,3153.9
2000-08-21,3174.5
2000-08-22,3160.74
2000-08-23,3162.3
2000-08-24,3164.76
2000-08-25,3162.99
2000-08-28,3172.03
2000-08-29,3161.02
2000-08-30,3134.8
2000-08-31,3132.52
2000-09-01,3125.41
2000-09-04,3121.96
2000-09-05,3102.87
2000-09-06,3103.66
2000-09-07,3071.21
2000-09-08,3049.34
2000-09-11,3048.71
2000-09-12,3048.86
2000-09-13,3049.59
2000-09-14,3046.69
2000-09-15,3022.05
2000-09-18,2986.49
2000-09-19,2953.51
2000-09-20,2975.05
2000-09-21,2976.6
2000-09-22,2973.68
2000-09-25,2974.83
2000-09-26,2979.19
2000-09-27,3007.82
2000-09-28,3018.07
2000-09-29,3056.01
2000-10-02,3091.1
2000-10-03,3094.86
2000-10-04,3089.16
2000-10-05,3094.32
2000-10-06,3060.32
2000-10-09,3007.02
2000-10-10,3012.29
2000-10-11,3005.85
2000-10-12,2988.35
2000-10-13,3011.43
2000-10-16,3038.36
2000-10-17,3006.17
2000-10-18,3007.88
2000-10-19,3022.25
2000-10-20,3044.67
2000-10-23,3037.61
2000-10-24,3053.01
2000-10-25,3034.13
2000-10-26,3051.92
2000-10-27,3076.07
2000-10-30,3070.19
2000-10-31,3110.11
2000-11-01,3149.11
2000-11-02,3172.02
2000-11-03,3181.85
2000-11-06,3198.71
2000-11-07,3184.85
2000-11-08,3174.01
2000-11-09,3179.16
2000-11-10,3147.21
2000-11-13,3126.96
2000-11-14,3148.3
2000-11-15,3122.09
2000-11-16,3142.88
2000-11-17,3143.04
2000-11-20,3110.8
2000-11-21,3088.59
2000-11-22,3068.4
2000-11-23,3071.74
2000-11-24,3063.97
2000-11-27,3018.08
2000-11-28,2993.69
2000-11-29,2956.19
2000-11-30,2988.58
2000-12-01,3034.91
2000-12-04,3008.39
2000-12-05,3043.64
2000-12-06,3028.91
2000-12-07,3027.24
2000-12-08,3033.37
2000-12-11,3049.01
2000-12-12,3037.51
2000-12-13,3026.05
2000-12-14,2972.99
2000-12-15,2987.28
2000-12-18,2971.97
2000-12-19,2991.48
2000-12-20,2993.68
2000-12-21,2997.16
2000-12-22,2996.45
2000-12-27,3002.47
2000-12-28,3024.49
2001-01-02,3030.42
2001-01-03,3027.74
2001-01-04,3014.88
2001-01-05,3013.55
2001-01-08,2995.23
2001-01-09,3001.07
2001-01-10,2980.2
2001-01-11,2989.12
2001-01-12,2991.1
2001-01-15,2974.27
2001-01-16,2962.07
2001-01-17,2977.54
2001-01-18,2966.41
2001-01-19,2959.45
2001-01-22,2969.33
2001-01-23,2989.87
2001-01-24,2994.1
2001-01-25,2986.08
2001-01-26,2979.82
2001-01-29,2974.51
2001-01-30,2970.14
2001-01-31,2968.61
2001-02-01,2988.43
2001-02-02,3002.15
2001-02-05,3009.34
2001-02-06,3019.11
2001-02-07,3015.8
2001-02-08,3002.96
2001-02-09,2997.7
2001-02-12,2998.94
2001-02-13,3012.31
2001-02-14,3013.66
2001-02-15,3018.63
2001-02-16,3002.86
2001-02-19,3000.38
2001-02-20,2992.98
2001-02-21,2979.08
2001-02-22,2956.97
2001-02-23,2952.78
2001-02-26,2968.43
2001-02-27,2981.94
2001-02-28,2999.6
2001-03-01,2969.44
2001-03-02,2971.63
2001-03-05,2984.17
2001-03-06,2990.81
2001-03-07,2984.74
2001-03-08,2967.68
2001-03-09,2969.94
2001-03-12,2942.42
2001-03-13,2902.86
2001-03-14,2842.12
2001-03-15,2818.02
2001-03-16,2748.7
2001-03-19,2708.86
2001-03-20,2735.52
2001-03-21,2683.16
2001-03-22,2591.59
2001-03-23,2635.29
2001-03-26,2747.08
2001-03-27,2770.87
2001-03-28,2759.79
2001-03-29,2762.38
2001-03-30,2838.41
2001-04-02,2878.96
2001-04-03,2844.82
2001-04-04,2823.69
2001-04-05,2867.11
2001-04-06,2855.14
2001-04-09,2899.44
2001-04-10,2915.34
2001-04-11,2890.95
2001-04-12,2844.47
2001-04-17,2849.5
2001-04-18,2875.81
2001-04-19,2868.67
2001-04-20,2820.72
2001-04-23,2780.96
2001-04-24,2803.35
2001-04-25,2811.23
2001-04-26,2827.76
2001-04-27,2840.95
2001-04-30,2842.13
2001-05-02,2839.61
2001-05-03,2797.33
2001-05-04,2756.8
2001-05-07,2772.97
2001-05-08,2772.19
2001-05-09,2778.32
2001-05-10,2818.11
2001-05-11,2825.21
2001-05-14,2809.23
2001-05-15,2803.44
2001-05-16,2781.54
2001-05-17,2775.72
2001-05-18,2794.05
2001-05-21,2772.29
2001-05-22,2791.63
2001-05-23,2802.35
2001-05-24,2820.99
2001-05-25,2787.57
2001-05-28,2797.15
2001-05-29,2790.32
2001-05-30,2813.18
2001-05-31,2786.16
2001-06-01,2783.48
2001-06-05,2849.28
2001-06-06,2896.92
2001-06-07,2878.43
2001-06-08,2879.7
2001-06-11,2856.37
2001-06-12,2837.78
2001-06-13,2857.09
2001-06-14,2834.44
2001-06-15,2805.96
2001-06-18,2813.71
2001-06-19,2810.46
2001-06-20,2841.57
2001-06-21,2846.05
2001-06-22,2848.32
2001-06-25,2839.16
2001-06-26,2834.49
2001-06-27,2846.65
2001-06-28,2860.44
2001-06-29,2885.03
2001-07-02,2900.81
2001-07-03,2886.65
2001-07-04,2881.2
2001-07-05,2907.72
2001-07-06,2883.43
2001-07-09,2873.36
2001-07-10,2877.13
2001-07-11,2870.78
2001-07-12,2897.46
2001-07-13,2929.35
2001-07-16,2934.31
2001-07-17,2944.86
2001-07-18,2948.54
2001-07-19,2965.81
2001-07-20,2954.34
2001-07-23,2952.67
2001-07-24,2944.11
2001-07-25,2916.33
2001-07-26,2897.55
2001-07-27,2911.27
2001-07-30,2923.89
2001-07-31,2928.98
2001-08-01,2944.99
2001-08-02,2935.05
2001-08-03,2924.53
2001-08-06,2931.79
2001-08-07,2921.81
2001-08-08,2924.42
2001-08-09,2891.57
2001-08-10,2892.27
2001-08-13,2888.32
2001-08-14,2893.51
2001-08-15,2884.58
2001-08-16,2872.86
2001-08-17,2837.51
2001-08-20,2842.14
2001-08-21,2848.09
2001-08-22,2848.56
2001-08-23,2874.26
2001-08-24,2896.1
2001-08-27,2898.17
2001-08-28,2895.85
2001-08-29,2900.01
2001-08-30,2890.89
2001-08-31,2893.11
2001-09-03,2881.55
2001-09-04,2885.11
2001-09-05,2888.13
2001-09-06,2853.59
2001-09-07,2777.55
2001-09-10,2730.14
2001-09-11,2581.19
2001-09-12,2597.07
2001-09-13,2603.15
2001-09-14,2505.22
2001-09-17,2503.02
2001-09-18,2495.23
2001-09-19,2483.38
2001-09-20,2400.35
2001-09-21,2322.6
2001-09-24,2426.42
2001-09-25,2466.81
2001-09-26,2493.66
2001-09-27,2551.62
2001-09-28,2642.55
2001-10-01,2628.73
2001-10-02,2665.51
2001-10-03,2639.85
2001-10-04,2695.99
2001-10-05,2682.94
2001-10-08,2666.84
2001-10-09,2669.19
2001-10-10,2700.96
2001-10-11,2722.7
2001-10-12,2691.28
2001-10-15,2628.64
2001-10-16,2617.68
2001-10-17,2605.89
2001-10-18,2604.57
2001-10-19,2573.52
2001-10-22,2604.98
2001-10-23,2647.57
2001-10-24,2643.38
2001-10-25,2612.64
2001-10-26,2646.98
2001-10-29,2616.77
2001-10-30,2586.01
2001-10-31,2605.3
2001-11-01,2606.5
2001-11-02,2619.85
2001-11-05,2651.63
2001-11-06,2662.51
2001-11-07,2690.47
2001-11-08,2718.29
2001-11-09,2664.33
2001-11-12,2663.78
2001-11-13,2673.27
2001-11-14,2697.28
2001-11-15,2694.94
2001-11-16,2680.87
2001-11-19,2707.08
2001-11-20,2691.34
2001-11-21,2697.14
2001-11-22,2684.34
2001-11-23,2672.61
2001-11-26,2648.2
2001-11-27,2606.93
2001-11-28,2585.19
2001-11-29,2603.79
2001-11-30,2633.82
2001-12-03,2599.56
2001-12-04,2596.51
2001-12-05,2618.4
2001-12-06,2641.38
2001-12-07,2635.78
2001-12-10,2620.1
2001-12-11,2606.32
2001-12-12,2601.26
2001-12-13,2585.62
2001-12-14,2580.83
2001-12-17,2618.38
2001-12-18,2623.6
2001-12-19,2643.31
2001-12-20,2628.05
2001-12-21,2660.61
2001-12-24,2695.88
2001-12-27,2755.94
2001-12-28,2782.01
2002-01-02,2728.55
2002-01-03,2737.11
2002-01-04,2708.83
2002-01-07,2692.48
2002-01-08,2680.26
2002-01-09,2678.14
2002-01-10,2668.26
2002-01-11,2661.59
2002-01-14,2622.36
2002-01-15,2658.77
2002-01-16,2646.02
2002-01-17,2707.62
2002-01-18,2729.98
2002-01-21,2725.81
2002-01-22,2736.22
2002-01-23,2771.03
2002-01-24,2810.67
2002-01-25,2790.42
2002-01-28,2806.13
2002-01-29,2790.05
2002-01-30,2738.09
2002-01-31,2764.21
2002-02-01,2773.72
2002-02-04,2794.82
2002-02-05,2747.98
2002-02-06,2738.6
2002-02-07,2747.99
2002-02-08,2748.44
2002-02-11,2779.19
2002-02-12,2776.89
2002-02-13,2788.38
2002-02-14,2811.12
2002-02-15,2789.81
2002-02-18,2767.22
2002-02-19,2705.27
2002-02-20,2688.04
2002-02-21,2691.56
2002-02-22,2679.79
2002-02-25,2696.7
2002-02-26,2712.81
2002-02-27,2730.5
2002-02-28,2748.69
2002-03-01,2747.96
2002-03-04,2775.63
2002-03-05,2762.5
2002-03-06,2739.27
2002-03-07,2724.1
2002-03-08,2701.7
2002-03-11,2725.15
2002-03-12,2713.83
2002-03-13,2702.28
2002-03-14,2689.74
2002-03-15,2693.46
2002-03-18,2712.49
2002-03-19,2739.31
2002-03-20,2726.32
2002-03-21,2737.61
2002-03-22,2755.92
2002-03-25,2762.83
2002-03-26,2772.75
2002-03-27,2761.94
2002-03-28,2769.19
2002-04-02,2755.05
2002-04-03,2783.36
2002-04-04,2805.23
2002-04-05,2771.18
2002-04-08,2752.84
2002-04-09,2741.18
2002-04-10,2763.47
2002-04-11,2763.99
2002-04-12,2792.55
2002-04-15,2807.17
2002-04-16,2843.57
2002-04-17,2847.36
2002-04-18,2838.78
2002-04-19,2867.33
2002-04-22,2874.56
2002-04-23,2899.82
2002-04-24,2893.1
2002-04-25,2848.59
2002-04-26,2813.83
2002-04-29,2771.69
2002-04-30,2811.12
2002-05-02,2791.95
2002-05-03,2805.71
2002-05-06,2817.25
2002-05-07,2784.78
2002-05-08,2839.75
2002-05-09,2844.28
2002-05-10,2840.24
2002-05-13,2866.73
2002-05-14,2889.64
2002-05-15,2871.66
2002-05-16,2856.46
2002-05-17,2832.33
2002-05-20,2815.28
2002-05-21,2815.48
2002-05-22,2780.95
2002-05-23,2792.86
2002-05-24,2711.07
2002-05-27,2710.76
2002-05-28,2709.69
2002-05-29,2750.12
2002-05-30,2733.11
2002-05-31,2727.42
2002-06-03,2707.62
2002-06-04,2652.8
2002-06-05,2646.69
2002-06-06,2666.79
2002-06-07,2665.13
2002-06-10,2674.03
2002-06-11,2671.9
2002-06-12,2592.98
2002-06-13,2521.12
2002-06-14,2472.25
2002-06-17,2569.13
2002-06-18,2546.15
2002-06-19,2505.07
2002-06-20,2450.79
2002-06-21,2462.06
2002-06-24,2402.17
2002-06-25,2456.88
2002-06-26,2442.48
2002-06-27,2463.77
2002-06-28,2535.74
2002-07-01,2536.01
2002-07-02,2472.65
2002-07-03,2408.53
2002-07-04,2460.28
2002-07-05,2552.27
2002-07-08,2548.2
2002-07-09,2523.04
2002-07-10,2435.61
2002-07-11,2329.15
2002-07-12,2337.56
2002-07-15,2262.9
2002-07-16,2240.89
2002-07-17,2272.37
2002-07-18,2311.4
2002-07-19,2210.99
2002-07-22,2104.57
2002-07-23,2042.35
2002-07-24,2001.59
2002-07-25,2101.57
2002-07-26,2110.61
2002-07-29,2245.24
2002-07-30,2251.02
2002-07-31,2255.8
2002-08-01,2157.45
2002-08-02,2116.67
2002-08-05,2047.06
2002-08-06,2099.6
2002-08-07,2119.18
2002-08-08,2186.42
2002-08-09,2210.32
2002-08-12,2186.72
2002-08-13,2175.4
2002-08-14,2135.65
2002-08-15,2217.58
2002-08-16,2204.6
2002-08-19,2278.32
2002-08-20,2231.57
2002-08-21,2252.92
2002-08-22,2320.37
2002-08-23,2322.44
2002-08-26,2312.93
2002-08-27,2387.2
2002-08-28,2290.55
2002-08-29,2229.55
2002-08-30,2246.31
2002-09-02,2221.2
2002-09-03,2150.4
2002-09-04,2156.84
2002-09-05,2133.61
2002-09-06,2186.5
2002-09-09,2156.38
2002-09-10,2201.13
2002-09-11,2260.78
2002-09-12,2201.65
2002-09-13,2150.11
2002-09-16,2134.3
2002-09-17,2115.41
2002-09-18,2014.98
2002-09-19,1981.22
2002-09-20,1958.14
2002-09-23,1882.98
2002-09-24,1837.45
2002-09-25,1888.87
2002-09-26,1946.55
2002-09-27,1934.47
2002-09-30,1869.09
2002-10-01,1899.5
2002-10-02,1949.89
2002-10-03,1909.32
2002-10-04,1859.68
2002-10-07,1842.29
2002-10-08,1801.35
2002-10-09,1773.67
2002-10-10,1807.05
2002-10-11,1903.3
2002-10-14,1903.43
2002-10-15,2019.6
2002-10-16,2015.8
2002-10-17,2038.94
2002-10-18,2031.7
2002-10-21,2030.56
2002-10-22,2044.58
2002-10-23,1991.06
2002-10-24,1992.35
2002-10-25,1973.53
2002-10-28,1985.57
2002-10-29,1929.56
2002-10-30,1956.27
2002-10-31,1972.23
2002-11-01,1968.17
2002-11-04,2016.45
2002-11-05,2040.95
2002-11-06,2031.71
2002-11-07,2015.14
2002-11-08,1994.09
2002-11-11,1983.95
2002-11-12,1979.12
2002-11-13,1962.94
2002-11-14,2018.67
2002-11-15,2037.86
2002-11-18,2057.17
2002-11-19,2055.75
2002-11-20,2064.25
2002-11-21,2114.41
2002-11-22,2099.61
2002-11-25,2101.24
2002-11-26,2055.94
2002-11-27,2096.79
2002-11-28,2080.88
2002-11-29,2074.39
2002-12-02,2074.96
2002-12-03,2035.61
2002-12-04,2004.66
2002-12-05,1976.58
2002-12-06,2001.39
2002-12-09,1953.43
2002-12-10,1979.86
2002-12-11,2008.78
2002-12-12,1988.87
2002-12-13,1960.91
2002-12-16,2003.54
2002-12-17,2004.05
2002-12-18,1975.52
2002-12-19,1957.27
2002-12-20,1974.94
2002-12-23,2007.88
2002-12-24,2017.16
2002-12-27,1970.28
2002-12-30,1986.66
2002-12-31,2025.04
2003-01-02,2074.14
2003-01-03,2040.33
2003-01-06,2043.91
2003-01-07,2029.28
2003-01-08,1984.72
2003-01-09,2003.35
2003-01-10,1984.5
2003-01-13,2007.44
2003-01-14,2009.76
2003-01-15,2011.28
2003-01-16,1990.58
2003-01-17,1959.52
2003-01-20,1944.77
2003-01-21,1925.87
2003-01-22,1885.68
2003-01-23,1880.8
2003-01-24,1873.07
2003-01-27,1825.44
2003-01-28,1827.65
2003-01-29,1809.62
2003-01-30,1835.65
2003-01-31,1882.53
2003-02-03,1880.0
2003-02-04,1838.43
2003-02-05,1846.43
2003-02-06,1810.71
2003-02-07,1781.3
2003-02-10,1755.12
2003-02-11,1801.42
2003-02-12,1765.34
2003-02-13,1744.28
2003-02-14,1777.75
2003-02-17,1803.4
2003-02-18,1830.32
2003-02-19,1802.62
2003-02-20,1784.12
2003-02-21,1773.13
2003-02-24,1722.95
2003-02-25,1670.19
2003-02-26,1627.95
2003-02-27,1630.65
2003-02-28,1671.96
2003-03-03,1665.06
2003-03-04,1630.96
2003-03-05,1608.09
2003-03-06,1578.54
2003-03-07,1530.16
2003-03-10,1491.87
2003-03-11,1463.41
2003-03-12,1426.59
2003-03-13,1566.16
2003-03-14,1679.47
2003-03-17,1731.69
2003-03-18,1684.12
2003-03-19,1706.44
2003-03-20,1700.65
2003-03-21,1764.39
2003-03-24,1688.51
2003-03-25,1704.37
2003-03-26,1719.36
2003-03-27,1683.95
2003-03-28,1681.16
2003-03-31,1635.22
2003-04-01,1650.59
2003-04-02,1718.23
2003-04-03,1750.94
2003-04-04,1788.84
2003-04-07,1857.28
2003-04-08,1820.17
2003-04-09,1826.83
2003-04-10,1804.87
2003-04-11,1816.61
2003-04-14,1840.46
2003-04-15,1891.14
2003-04-16,1886.45
2003-04-17,1885.74
2003-04-22,1889.92
2003-04-23,1917.61
2003-04-24,1870.09
2003-04-25,1846.79
2003-04-28,1868.15
2003-04-29,1865.94
2003-04-30,1871.84
2003-05-02,1866.45
2003-05-05,1886.68
2003-05-06,1923.04
2003-05-07,1940.37
2003-05-08,1899.85
2003-05-09,1921.96
2003-05-12,1930.81
2003-05-13,1920.21
2003-05-14,1930.31
2003-05-15,1930.6
2003-05-16,1960.88
2003-05-19,1891.92
2003-05-20,1908.82
2003-05-21,1877.81
2003-05-22,1898.38
2003-05-23,1900.61
2003-05-26,1898.19
2003-05-27,1898.01
2003-05-28,1909.39
2003-05-29,1899.04
2003-05-30,1925.64
2003-06-02,1944.96
2003-06-03,1947.57
2003-06-04,1964.63
2003-06-05,1954.97
2003-06-06,1988.87
2003-06-09,1964.17
2003-06-10,1976.94
2003-06-11,1994.0
2003-06-12,1995.81
2003-06-13,1948.02
2003-06-16,1967.52
2003-06-17,1970.71
2003-06-18,1980.97
2003-06-19,1948.91
2003-06-20,1971.78
2003-06-23,1951.31
2003-06-24,1929.62
2003-06-25,1941.46
2003-06-26,1930.39
2003-06-27,1940.66
2003-06-30,1939.77
2003-07-01,1899.86
2003-07-02,1931.38
2003-07-03,1927.28
2003-07-04,1912.47
2003-07-07,1966.7
2003-07-08,1977.15
2003-07-09,1965.78
2003-07-10,1948.97
2003-07-11,1975.95
2003-07-14,2000.02
2003-07-15,1991.72
2003-07-16,1971.61
2003-07-17,1981.51
2003-07-18,1981.52
2003-07-21,1963.05
2003-07-22,1973.05
2003-07-23,1966.09
2003-07-24,1984.97
2003-07-25,1976.77
2003-07-28,1994.77
2003-07-29,1987.28
2003-07-30,1999.7
2003-07-31,2023.26
2003-08-01,2020.13
2003-08-04,2017.04
2003-08-05,2031.18
2003-08-06,2008.14
2003-08-07,2020.38
2003-08-08,2026.89
2003-08-11,2033.2
2003-08-12,2043.16
2003-08-13,2037.09
2003-08-14,2057.46
2003-08-15,2077.63
2003-08-18,2090.75
2003-08-19,2116.31
2003-08-20,2094.13
2003-08-21,2112.02
2003-08-22,2110.16
2003-08-25,2104.72
2003-08-26,2082.54
2003-08-27,2090.94
2003-08-28,2071.97
2003-08-29,2043.84
2003-09-01,2073.04
2003-09-02,2067.84
2003-09-03,2107.93
2003-09-04,2102.53
2003-09-05,2096.42
2003-09-08,2115.22
2003-09-09,2098.97
2003-09-10,2072.28
2003-09-11,2088.93
2003-09-12,2089.97
2003-09-15,2103.75
2003-09-16,2117.28
2003-09-17,2122.03
2003-09-18,2122.82
2003-09-19,2109.88
2003-09-22,2103.49
2003-09-23,2092.78
2003-09-24,2090.05
2003-09-25,2080.97
2003-09-26,2077.61
2003-09-29,2070.85
2003-09-30,2051.83
2003-10-01,2081.12
2003-10-02,2080.85
2003-10-03,2104.9
2003-10-06,2103.95
2003-10-07,2103.28
2003-10-08,2100.47
2003-10-09,2112.61
2003-10-10,2109.87
2003-10-13,2132.87
2003-10-14,2122.98
2003-10-15,2150.71
2003-10-16,2144.77
2003-10-17,2139.2
2003-10-20,2147.5
2003-10-21,2146.36
2003-10-22,2126.47
2003-10-23,2103.9
2003-10-24,2099.25
2003-10-27,2120.91
2003-10-28,2132.38
2003-10-29,2117.28
2003-10-30,2138.01
2003-10-31,2160.67
2003-11-03,2169.54
2003-11-04,2165.47
2003-11-05,2172.16
2003-11-06,2185.99
2003-11-07,2203.44
2003-11-10,2200.78
2003-11-11,2195.78
2003-11-12,2187.7
2003-11-13,2185.27
2003-11-14,2197.6
2003-11-17,2163.54
2003-11-18,2155.13
2003-11-19,2151.28
2003-11-20,2143.08
2003-11-21,2151.21
2003-11-24,2177.35
2003-11-25,2177.06
2003-11-26,2166.88
2003-11-27,2173.69
2003-11-28,2168.32
2003-12-01,2186.78
2003-12-02,2189.12
2003-12-03,2206.3
2003-12-04,2202.56
2003-12-05,2195.99
2003-12-08,2180.1
2003-12-09,2186.02
2003-12-10,2178.93
2003-12-11,2177.81
2003-12-12,2171.13
2003-12-15,2172.84
2003-12-16,2168.69
2003-12-17,2170.17
2003-12-18,2190.13
2003-12-19,2196.75
2003-12-22,2207.55
2003-12-23,2220.16
2003-12-24,2216.44
2003-12-29,2231.0
2003-12-30,2238.52
2003-12-31,2244.18
2004-01-02,2270.71
2004-01-05,2282.31
2004-01-06,2293.44
2004-01-07,2295.09
2004-01-08,2317.03
2004-01-09,2315.13
2004-01-12,2314.59
2004-01-13,2323.32
2004-01-14,2346.46
2004-01-15,2357.65
2004-01-16,2381.64
2004-01-19,2383.81
2004-01-20,2372.18
2004-01-21,2387.52
2004-01-22,2390.35
2004-01-23,2387.02
2004-01-26,2384.83
2004-01-27,2392.34
2004-01-28,2398.21
2004-01-29,2381.9
2004-01-30,2383.76
2004-02-02,2405.88
2004-02-03,2390.09
2004-02-04,2379.77
2004-02-05,2385.71
2004-02-06,2396.55
2004-02-09,2413.67
2004-02-10,2411.18
2004-02-11,2418.79
2004-02-12,2429.98
2004-02-13,2423.84
2004-02-16,2439.37
2004-02-17,2460.09
2004-02-18,2476.87
2004-02-19,2493.27
2004-02-20,2476.86
2004-02-23,2493.85
2004-02-24,2476.95
2004-02-25,2476.4
2004-02-26,2472.68
2004-02-27,2483.16
2004-03-01,2483.28
2004-03-02,2491.25
2004-03-03,2481.83
2004-03-04,2507.05
2004-03-05,2513.2
2004-03-08,2517.28
2004-03-09,2481.3
2004-03-10,2477.03
2004-03-11,2403.83
2004-03-12,2414.11
2004-03-15,2360.23
2004-03-16,2363.54
2004-03-17,2403.63
2004-03-18,2367.66
2004-03-19,2358.87
2004-03-22,2315.08
2004-03-23,2326.22
2004-03-24,2321.55
2004-03-25,2346.82
2004-03-26,2362.3
2004-03-29,2370.27
2004-03-30,2369.42
2004-03-31,2380.35
2004-04-01,2412.7
2004-04-02,2441.08
2004-04-05,2448.6
2004-04-06,2453.86
2004-04-07,2455.37
2004-04-08,2468.52
2004-04-13,2501.08
2004-04-14,2476.07
2004-04-15,2476.11
2004-04-16,2496.61
2004-04-19,2485.54
2004-04-20,2496.99
2004-04-21,2491.31
2004-04-22,2500.78
2004-04-23,2511.06
2004-04-26,2501.37
2004-04-27,2490.99
2004-04-28,2463.42
2004-04-29,2445.14
2004-04-30,2439.61
2004-05-03,2451.26
2004-05-04,2450.43
2004-05-05,2458.8
2004-05-06,2421.65
2004-05-07,2406.4
2004-05-10,2337.92
2004-05-11,2371.69
2004-05-12,2362.0
2004-05-13,2386.15
2004-05-14,2391.09
2004-05-17,2360.12
2004-05-18,2381.6
2004-05-19,2413.22
2004-05-20,2416.6
2004-05-21,2419.54
2004-05-24,2434.61
2004-05-25,2404.53
2004-05-26,2422.58
2004-05-27,2441.75
2004-05-28,2412.31
2004-05-31,2415.43
2004-06-01,2399.88
2004-06-02,2414.7
2004-06-03,2442.11
2004-06-04,2461.27
2004-06-07,2474.67
2004-06-08,2475.1
2004-06-09,2470.12
2004-06-10,2472.26
2004-06-11,2450.16
2004-06-14,2436.99
2004-06-15,2446.5
2004-06-16,2450.77
2004-06-17,2458.54
2004-06-18,2471.82
2004-06-21,2464.84
2004-06-22,2454.6
2004-06-23,2450.94
2004-06-24,2458.84
2004-06-25,2452.07
2004-06-28,2460.68
2004-06-29,2464.21
2004-06-30,2470.66
2004-07-01,2469.09
2004-07-02,2459.34
2004-07-05,2450.44
2004-07-06,2435.19
2004-07-07,2451.76
2004-07-08,2443.89
2004-07-09,2456.26
2004-07-12,2447.27
2004-07-13,2469.11
2004-07-14,2465.14
2004-07-15,2451.44
2004-07-16,2453.74
2004-07-19,2432.54
2004-07-20,2444.85
2004-07-21,2461.09
2004-07-22,2422.85
2004-07-23,2415.52
2004-07-26,2406.23
2004-07-27,2438.02
2004-07-28,2440.1
2004-07-29,2478.11
2004-07-30,2465.13
2004-08-02,2470.75
2004-08-03,2495.56
2004-08-04,2486.4
2004-08-05,2511.38
2004-08-06,2480.52
2004-08-09,2452.16
2004-08-10,2475.27
2004-08-11,2461.89
2004-08-12,2467.93
2004-08-13,2453.52
2004-08-16,2471.98
2004-08-17,2479.17
2004-08-18,2477.17
2004-08-19,2491.19
2004-08-20,2490.56
2004-08-23,2512.74
2004-08-24,2510.6
2004-08-25,2530.03
2004-08-26,2550.63
2004-08-27,2562.48
2004-08-30,2562.56
2004-08-31,2558.08
2004-09-01,2584.53
2004-09-02,2592.89
2004-09-03,2621.27
2004-09-06,2626.88
2004-09-07,2626.52
2004-09-08,2631.7
2004-09-09,2624.37
2004-09-10,2628.4
2004-09-13,2635.7
2004-09-14,2639.56
2004-09-15,2656.17
2004-09-16,2658.33
2004-09-17,2670.83
2004-09-20,2662.85
2004-09-21,2678.25
2004-09-22,2665.59
2004-09-23,2640.88
2004-09-24,2657.09
2004-09-27,2652.48
2004-09-28,2665.7
2004-09-29,2690.93
2004-09-30,2693.21
2004-10-01,2725.12
2004-10-04,2760.03
2004-10-05,2765.83
2004-10-06,2775.2
2004-10-07,2771.84
2004-10-08,2759.62
2004-10-11,2759.16
2004-10-12,2731.48
2004-10-13,2752.51
2004-10-14,2747.63
2004-10-15,2743.56
2004-10-18,2752.82
2004-10-19,2768.28
2004-10-20,2755.79
2004-10-21,2764.12
2004-10-22,2765.87
2004-10-25,2730.58
2004-10-26,2732.29
2004-10-27,2758.92
2004-10-28,2785.85
2004-10-29,2785.45
2004-11-01,2808.6
2004-11-02,2828.11
2004-11-03,2840.46
2004-11-04,2827.6
2004-11-05,2838.99
2004-11-08,2829.92
2004-11-09,2833.7
2004-11-10,2849.76
2004-11-11,2870.68
2004-11-12,2862.31
2004-11-15,2851.35
2004-11-16,2830.5
2004-11-17,2841.07
2004-11-18,2840.99
2004-11-19,2862.4
2004-11-22,2861.53
2004-11-23,2858.96
2004-11-24,2872.25
2004-11-25,2875.47
2004-11-26,2881.38
2004-11-29,2866.86
2004-11-30,2850.95
2004-12-01,2885.98
2004-12-02,2905.45
2004-12-03,2895.06
2004-12-06,2894.61
2004-12-07,2911.2
2004-12-08,2906.39
2004-12-09,2897.95
2004-12-10,2901.0
2004-12-13,2921.98
2004-12-14,2926.39
2004-12-15,2927.36
2004-12-16,2933.6
2004-12-17,2915.31
2004-12-20,2922.3
2004-12-21,2931.48
2004-12-22,2950.1
2004-12-23,2944.85
2004-12-24,2940.38
2004-12-27,2943.77
2004-12-28,2938.3
2004-12-29,2933.34
2004-12-30,2933.72
2004-12-31,2932.62
2005-01-03,2969.36
2005-01-04,2987.09
2005-01-05,2971.79
2005-01-06,2992.43
2005-01-07,3002.65
2005-01-10,3001.24
2005-01-11,2980.23
2005-01-12,2973.92
2005-01-13,2959.72
2005-01-14,2958.79
2005-01-17,2974.77
2005-01-18,2969.49
2005-01-19,2967.29
2005-01-20,2962.4
2005-01-21,2979.18
2005-01-24,2971.23
2005-01-25,3000.33
2005-01-26,3008.58
2005-01-27,3005.41
2005-01-28,2985.31
2005-01-31,2997.6
2005-02-01,3010.57
2005-02-02,3027.4
2005-02-03,3043.48
2005-02-04,3067.13
2005-02-07,3073.52
2005-02-08,3081.46
2005-02-09,3085.13
2005-02-10,3077.69
2005-02-11,3112.27
2005-02-14,3101.57
2005-02-15,3128.85
2005-02-16,3121.62
2005-02-17,3115.09
2005-02-18,3115.68
2005-02-21,3093.6
2005-02-22,3077.95
2005-02-23,3053.56
2005-02-24,3048.52
2005-02-25,3070.06
2005-02-28,3106.54
2005-03-01,3117.76
2005-03-02,3097.66
2005-03-03,3090.98
2005-03-04,3121.66
2005-03-07,3153.12
2005-03-08,3152.48
2005-03-09,3133.65
2005-03-10,3098.25
2005-03-11,3098.99
2005-03-14,3081.07
2005-03-15,3096.6
2005-03-16,3076.07
2005-03-17,3075.89
2005-03-18,3090.94
2005-03-21,3093.57
2005-03-22,3084.73
2005-03-23,3068.71
2005-03-24,3128.49
2005-03-29,3119.37
2005-03-30,3125.01
2005-03-31,3125.67
2005-04-01,3140.33
2005-04-04,3129.52
2005-04-05,3145.25
2005-04-06,3174.55
2005-04-07,3177.2
2005-04-08,3182.23
2005-04-11,3185.43
2005-04-12,3175.78
2005-04-13,3197.29
2005-04-14,3170.51
2005-04-15,3141.89
2005-04-18,3064.13
2005-04-19,3090.35
2005-04-20,3068.47
2005-04-21,3068.77
2005-04-22,3086.73
2005-04-25,3102.53
2005-04-26,3097.86
2005-04-27,3042.27
2005-04-28,3024.75
2005-04-29,3039.71
2005-05-02,3048.67
2005-05-03,3046.41
2005-05-04,3066.72
2005-05-05,3091.79
2005-05-06,3098.33
2005-05-09,3083.71
2005-05-10,3066.43
2005-05-11,3061.75
2005-05-12,3055.43
2005-05-13,3037.28
2005-05-16,3029.47
2005-05-17,3021.28
2005-05-18,3054.44
2005-05-19,3073.71
2005-05-20,3073.52
2005-05-23,3080.77
2005-05-24,3070.86
2005-05-25,3076.14
2005-05-26,3055.96
2005-05-27,3047.2
2005-05-30,3056.2
2005-05-31,3051.67
2005-06-01,3073.95
2005-06-02,3075.01
2005-06-03,3083.54
2005-06-06,3062.37
2005-06-07,3071.17
2005-06-08,3060.29
2005-06-09,3082.06
2005-06-10,3100.4
2005-06-13,3101.08
2005-06-14,3109.36
2005-06-15,3109.4
2005-06-16,3128.58
2005-06-17,3109.89
2005-06-20,3092.62
2005-06-21,3116.31
2005-06-22,3137.83
2005-06-23,3132.58
2005-06-24,3109.41
2005-06-27,3075.48
2005-06-28,3084.48
2005-06-29,3112.09
2005-06-30,3112.83
2005-07-01,3125.38
2005-07-04,3126.65
2005-07-05,3113.26
2005-07-06,3121.92
2005-07-07,3089.94
2005-07-08,3107.01
2005-07-11,3135.18
2005-07-12,3121.61
2005-07-13,3137.56
2005-07-14,3170.01
2005-07-15,3164.31
2005-07-18,3156.43
2005-07-19,3188.57
2005-07-20,3185.37
2005-07-21,3202.15
2005-07-22,3186.0
2005-07-25,3186.98
2005-07-26,3198.57
2005-07-27,3217.81
2005-07-28,3232.77
2005-07-29,3228.01
2005-08-01,3234.05
2005-08-02,3251.65
2005-08-03,3269.74
2005-08-04,3256.46
2005-08-05,3249.45
2005-08-08,3253.56
2005-08-09,3300.63
2005-08-10,3314.81
2005-08-11,3302.51
2005-08-12,3286.7
2005-08-15,3280.53
2005-08-16,3285.01
2005-08-17,3279.3
2005-08-18,3252.83
2005-08-19,3272.11
2005-08-22,3270.91
2005-08-23,3244.45
2005-08-24,3234.49
2005-08-25,3228.47
2005-08-26,3205.13
2005-08-29,3206.68
2005-08-30,3211.24
2005-08-31,3223.98
2005-09-01,3228.5
2005-09-02,3221.81
2005-09-05,3236.62
2005-09-06,3251.19
2005-09-07,3257.77
2005-09-08,3242.05
2005-09-09,3249.37
2005-09-12,3261.93
2005-09-13,3249.93
2005-09-14,3266.34
2005-09-15,3265.48
2005-09-16,3275.74
2005-09-19,3282.91
2005-09-20,3288.75
2005-09-21,3284.62
2005-09-22,3287.07
2005-09-23,3298.14
2005-09-26,3328.17
2005-09-27,3320.74
2005-09-28,3343.65
2005-09-29,3324.57
2005-09-30,3328.8
2005-10-03,3353.39
2005-10-04,3373.83
2005-10-05,3363.29
2005-10-06,3339.77
2005-10-07,3329.62
2005-10-10,3331.62
2005-10-11,3338.18
2005-10-12,3329.11
2005-10-13,3300.46
2005-10-14,3309.26
2005-10-17,3291.96
2005-10-18,3289.45
2005-10-19,3238.75
2005-10-20,3255.48
2005-10-21,3239.14
2005-10-24,3266.08
2005-10-25,3265.17
2005-10-26,3265.22
2005-10-27,3233.4
2005-10-28,3224.31
2005-10-31,3264.26
2005-11-01,3270.43
2005-11-02,3277.22
2005-11-03,3305.76
2005-11-04,3305.89
2005-11-07,3329.81
2005-11-08,3336.58
2005-11-09,3337.33
2005-11-10,3362.26
2005-11-11,3390.54
2005-11-14,3388.46
2005-11-15,3387.61
2005-11-16,3363.72
2005-11-17,3363.61
2005-11-18,3370.66
2005-11-21,3386.67
2005-11-22,3394.39
2005-11-23,3400.23
2005-11-24,3399.31
2005-11-25,3421.74
2005-11-28,3413.7
2005-11-29,3406.03
2005-11-30,3394.14
2005-12-01,3432.67
2005-12-02,3458.9
2005-12-05,3445.61
2005-12-06,3458.51
2005-12-07,3464.47
2005-12-08,3456.4
2005-12-09,3448.05
2005-12-12,3454.8
2005-12-13,3457.86
2005-12-14,3462.63
2005-12-15,3443.96
2005-12-16,3495.28
2005-12-19,3501.31
2005-12-20,3509.11
2005-12-21,3542.13
2005-12-22,3544.47
2005-12-23,3542.36
2005-12-27,3567.3
2005-12-28,3567.21
2005-12-29,3575.19
2005-12-30,3549.25
2006-01-02,3573.87
2006-01-03,3603.94
2006-01-04,3638.46
2006-01-05,3639.33
2006-01-06,3643.74
2006-01-09,3642.21
2006-01-10,3638.09
2006-01-11,3663.15
2006-01-12,3676.23
2006-01-13,3672.04
2006-01-16,3691.07
2006-01-17,3646.77
2006-01-18,3638.98
2006-01-19,3674.04
2006-01-20,3656.97
2006-01-23,3651.0
2006-01-24,3654.18
2006-01-25,3682.39
2006-01-26,3726.99
2006-01-27,3760.38
2006-01-30,3756.21
2006-01-31,3744.63
2006-02-01,3776.16
2006-02-02,3769.26
2006-02-03,3766.43
2006-02-06,3775.15
2006-02-07,3781.31
2006-02-08,3774.97
2006-02-09,3806.77
2006-02-10,3793.91
2006-02-13,3785.34
2006-02-14,3774.16
2006-02-15,3770.77
2006-02-16,3782.48
2006-02-17,3794.57
2006-02-20,3802.49
2006-02-21,3835.47
2006-02-22,3900.1
2006-02-23,3901.78
2006-02-24,3929.12
2006-02-27,3901.68
2006-02-28,3839.25
2006-03-01,3882.88
2006-03-02,3852.44
2006-03-03,3827.17
2006-03-06,3882.71
2006-03-07,3850.11
2006-03-08,3852.19
2006-03-09,3864.04
2006-03-10,3901.67
2006-03-13,3922.02
2006-03-14,3953.61
2006-03-15,3945.39
2006-03-16,3942.29
2006-03-17,3955.3
2006-03-20,3955.35
2006-03-21,3968.31
2006-03-22,3977.96
2006-03-23,3972.49
2006-03-24,3976.66
2006-03-27,3944.35
2006-03-28,3918.08
2006-03-29,3913.75
2006-03-30,3942.08
2006-03-31,3912.28
2006-04-03,3921.5
2006-04-04,3914.07
2006-04-05,3929.61
2006-04-06,3933.23
2006-04-07,3917.84
2006-04-10,3908.91
2006-04-11,3850.61
2006-04-12,3837.33
2006-04-13,3842.0
2006-04-18,3835.25
2006-04-19,3861.83
2006-04-20,3875.65
2006-04-21,3901.69
2006-04-24,3900.38
2006-04-25,3930.11
2006-04-26,3928.26
2006-04-27,3919.89
2006-04-28,3911.06
2006-05-02,3934.57
2006-05-03,3928.09
2006-05-04,3951.95
2006-05-05,3982.17
2006-05-08,3972.21
2006-05-09,3987.34
2006-05-10,3966.59
2006-05-11,3954.61
2006-05-12,3887.45
2006-05-15,3802.91
2006-05-16,3810.58
2006-05-17,3691.74
2006-05-18,3678.21
2006-05-19,3702.76
2006-05-22,3568.0
2006-05-23,3659.57
2006-05-24,3640.18
2006-05-25,3684.57
2006-05-26,3756.65
2006-05-29,3746.19
2006-05-30,3641.12
2006-05-31,3675.8
2006-06-01,3672.29
2006-06-02,3678.83
2006-06-05,3640.35
2006-06-06,3562.79
2006-06-07,3585.65
2006-06-08,3510.1
2006-06-09,3547.18
2006-06-12,3521.94
2006-06-13,3445.1
2006-06-14,3445.29
2006-06-15,3530.55
2006-06-16,3507.79
2006-06-19,3516.7
2006-06-20,3547.46
2006-06-21,3561.26
2006-06-22,3589.0
2006-06-23,3593.33
2006-06-26,3588.4
2006-06-27,3570.78
2006-06-28,3585.77
2006-06-29,3638.81
2006-06-30,3703.32
2006-07-03,3737.55
2006-07-04,3727.34
2006-07-05,3683.33
2006-07-06,3727.39
2006-07-07,3715.91
2006-07-10,3743.56
2006-07-11,3701.76
2006-07-12,3718.09
2006-07-13,3631.1
2006-07-14,3597.06
2006-07-17,3587.31
2006-07-18,3590.27
2006-07-19,3660.48
2006-07-20,3686.74
2006-07-21,3660.4
2006-07-24,3732.27
2006-07-25,3732.64
2006-07-26,3722.71
2006-07-27,3784.16
2006-07-28,3797.88
2006-07-31,3795.91
2006-08-01,3754.69
2006-08-02,3807.91
2006-08-03,3788.99
2006-08-04,3828.54
2006-08-07,3778.33
2006-08-08,3793.25
2006-08-09,3811.59
2006-08-10,3804.46
2006-08-11,3822.12
2006-08-14,3856.91
2006-08-15,3907.05
2006-08-16,3907.79
2006-08-17,3902.46
2006-08-18,3912.86
2006-08-21,3899.53
2006-08-22,3908.13
2006-08-23,3872.57
2006-08-24,3886.36
2006-08-25,3887.71
2006-08-28,3919.92
2006-08-29,3929.72
2006-08-30,3945.42
2006-08-31,3906.01
2006-09-01,3924.26
2006-09-04,3928.32
2006-09-05,3929.13
2006-09-06,3885.2
2006-09-07,3867.92
2006-09-08,3881.73
2006-09-11,3874.01
2006-09-12,3937.51
2006-09-13,3957.91
2006-09-14,3968.79
2006-09-15,3984.87
2006-09-18,3986.19
2006-09-19,3971.88
2006-09-20,4021.99
2006-09-21,4029.82
2006-09-22,3988.32
2006-09-25,4006.15
2006-09-26,4031.15
2006-09-27,4062.43
2006-09-28,4063.81
2006-09-29,4070.78
2006-10-02,4070.31
2006-10-03,4059.16
2006-10-04,4084.08
2006-10-05,4097.02
2006-10-06,4090.47
2006-10-09,4103.41
2006-10-10,4129.23
2006-10-11,4129.28
2006-10-12,4181.74
2006-10-13,4174.9
2006-10-16,4174.1
2006-10-17,4119.51
2006-10-18,4167.06
2006-10-19,4159.59
2006-10-20,4173.3
2006-10-23,4185.21
2006-10-24,4163.4
2006-10-25,4174.17
2006-10-26,4176.7
2006-10-27,4152.32
2006-10-30,4138.07
2006-10-31,4144.38
2006-11-01,4165.97
2006-11-02,4137.67
2006-11-03,4180.68
2006-11-06,4201.09
2006-11-07,4213.3
2006-11-08,4220.79
2006-11-09,4217.01
2006-11-10,4219.04
2006-11-13,4239.64
2006-11-14,4234.7
2006-11-15,4273.81
2006-11-16,4265.76
2006-11-17,4223.19
2006-11-20,4220.98
2006-11-21,4231.23
2006-11-22,4221.79
2006-11-23,4194.9
2006-11-24,4183.36
2006-11-27,4132.5
2006-11-28,4111.5
2006-11-29,4165.37
2006-11-30,4140.29
2006-12-01,4114.52
2006-12-04,4144.39
2006-12-05,4174.85
2006-12-06,4179.0
2006-12-07,4224.68
2006-12-08,4255.06
2006-12-11,4280.81
2006-12-12,4290.27
2006-12-13,4305.5
2006-12-14,4330.25
2006-12-15,4347.04
2006-12-18,4359.79
2006-12-19,4339.62
2006-12-20,4345.29
2006-12-21,4366.52
2006-12-22,4350.91
2006-12-27,4362.85
2006-12-28,4367.02
2006-12-29,4388.52
2007-01-02,4454.16
2007-01-03,4463.91
2007-01-04,4421.25
2007-01-05,4393.12
2007-01-08,4406.59
2007-01-09,4426.14
2007-01-10,4405.87
2007-01-11,4473.58
2007-01-12,4485.89
2007-01-15,4494.1
2007-01-16,4468.27
2007-01-17,4464.85
2007-01-18,4467.39
2007-01-19,4472.73
2007-01-22,4457.0
2007-01-23,4429.37
2007-01-24,4465.14
2007-01-25,4438.54
2007-01-26,4399.87
2007-01-29,4415.16
2007-01-30,4435.98
2007-01-31,4433.56
2007-02-01,4467.81
2007-02-02,4507.29
2007-02-05,4504.45
2007-02-06,4530.1
2007-02-07,4544.93
2007-02-08,4505.85
2007-02-09,4518.83
2007-02-12,4500.79
2007-02-13,4528.08
2007-02-14,4547.83
2007-02-15,4544.74
2007-02-16,4532.75
2007-02-19,4551.27
2007-02-20,4535.45
2007-02-21,4515.43
2007-02-22,4509.81
2007-02-23,4495.71
2007-02-26,4519.02
2007-02-27,4387.37
2007-02-28,4305.23
2007-03-01,4267.75
2007-03-02,4272.02
2007-03-05,4218.16
2007-03-06,4249.6
2007-03-07,4301.18
2007-03-08,4369.54
2007-03-09,4378.27
2007-03-12,4359.77
2007-03-13,4301.77
2007-03-14,4196.56
2007-03-15,4262.79
2007-03-16,4257.21
2007-03-19,4364.64
2007-03-20,4373.75
2007-03-21,4382.25
2007-03-22,4470.14
2007-03-23,4500.75
2007-03-26,4448.5
2007-03-27,4472.22
2007-03-28,4441.23
2007-03-29,4493.7
2007-03-30,4471.64
2007-04-02,4485.68
2007-04-03,4547.41
2007-04-04,4558.5
2007-04-05,4553.62
2007-04-10,4595.72
2007-04-11,4587.7
2007-04-12,4568.24
2007-04-13,4581.25
2007-04-16,4614.85
2007-04-17,4602.16
2007-04-18,4576.41
2007-04-19,4549.93
2007-04-20,4630.43
2007-04-23,4612.5
2007-04-24,4612.31
2007-04-25,4641.23
2007-04-26,4657.98
2007-04-27,4643.43
2007-04-30,4614.75
2007-05-02,4675.87
2007-05-03,4706.52
2007-05-04,4719.25
2007-05-07,4739.58
2007-05-08,4708.29
2007-05-09,4715.41
2007-05-10,4674.6
2007-05-11,4667.12
2007-05-14,4658.75
2007-05-15,4650.27
2007-05-16,4673.29
2007-05-17,4690.25
2007-05-18,4749.45
2007-05-21,4729.74
2007-05-22,4730.16
2007-05-23,4756.81
2007-05-24,4704.54
2007-05-25,4671.71
2007-05-28,4689.5
2007-05-29,4660.33
2007-05-30,4652.66
2007-05-31,4697.85
2007-06-01,4707.5
2007-06-04,4690.77
2007-06-05,4676.43
2007-06-06,4587.91
2007-06-07,4511.39
2007-06-08,4507.89
2007-06-11,4565.77
2007-06-12,4549.0
2007-06-13,4571.66
2007-06-14,4640.14
2007-06-15,4681.66
2007-06-18,4676.25
2007-06-19,4653.33
2007-06-20,4676.89
2007-06-21,4646.73
2007-06-22,4641.54
2007-06-25,4642.41
2007-06-26,4601.46
2007-06-27,4572.91
2007-06-28,4610.2
2007-06-29,4639.39
2007-07-02,4591.71
2007-07-03,4635.29
2007-07-04,4657.93
2007-07-05,4640.24
2007-07-06,4655.56
2007-07-09,4656.52
2007-07-10,4622.23
2007-07-11,4590.23
2007-07-12,4627.5
2007-07-13,4645.08
2007-07-16,4637.18
2007-07-17,4594.5
2007-07-18,4579.75
2007-07-19,4602.48
2007-07-20,4579.35
2007-07-23,4610.1
2007-07-24,4542.16
2007-07-25,4484.58
2007-07-26,4369.97
2007-07-27,4341.99
2007-07-30,4338.27
2007-07-31,4384.47
2007-08-01,4311.79
2007-08-02,4326.27
2007-08-03,4281.14
2007-08-06,4234.99
2007-08-07,4281.0
2007-08-08,4320.87
2007-08-09,4214.91
2007-08-10,4096.2
2007-08-13,4185.18
2007-08-14,4126.6
2007-08-15,4114.89
2007-08-16,3989.06
2007-08-17,4070.48
2007-08-20,4117.02
2007-08-21,4116.98
2007-08-22,4171.02
2007-08-23,4184.93
2007-08-24,4225.77
2007-08-27,4233.85
2007-08-28,4186.14
2007-08-29,4213.06
2007-08-30,4304.96
2007-08-31,4350.83
2007-09-03,4358.54
2007-09-04,4376.22
2007-09-05,4321.16
2007-09-06,4330.45
2007-09-07,4227.47
2007-09-10,4190.77
2007-09-11,4250.7
2007-09-12,4255.66
2007-09-13,4284.12
2007-09-14,4259.54
2007-09-17,4209.45
2007-09-18,4278.93
2007-09-19,4384.7
2007-09-20,4354.64
2007-09-21,4357.18
2007-09-24,4309.93
2007-09-25,4241.74
2007-09-26,4286.91
2007-09-27,4326.35
2007-09-28,4325.29
2007-10-01,4338.89
2007-10-02,4363.81
2007-10-03,4379.7
2007-10-04,4434.91
2007-10-05,4460.29
2007-10-08,4454.16
2007-10-09,4499.06
2007-10-10,4510.6
2007-10-11,4534.91
2007-10-12,4532.06
2007-10-15,4501.98
2007-10-16,4476.56
2007-10-17,4506.39
2007-10-18,4457.77
2007-10-19,4416.41
2007-10-22,4373.56
2007-10-23,4404.39
2007-10-24,4336.43
2007-10-25,4393.68
2007-10-26,4399.21
2007-10-29,4409.48
2007-10-30,4384.0
2007-10-31,4441.81
2007-11-01,4361.29
2007-11-02,4309.81
2007-11-05,4284.21
2007-11-06,4302.14
2007-11-07,4246.85
2007-11-08,4107.79
2007-11-09,4048.61
2007-11-12,4055.34
2007-11-13,4093.02
2007-11-14,4142.64
2007-11-15,4106.12
2007-11-16,4062.49
2007-11-19,3991.0
2007-11-20,4003.49
2007-11-21,3880.09
2007-11-22,3926.85
2007-11-23,4007.56
2007-11-26,4003.04
2007-11-27,4006.97
2007-11-28,4094.08
2007-11-29,4103.48
2007-11-30,4168.24
2007-12-03,4146.68
2007-12-04,4084.71
2007-12-05,4147.66
2007-12-06,4149.1
2007-12-07,4168.14
2007-12-10,4182.37
2007-12-11,4150.66
2007-12-12,4144.66
2007-12-13,4064.67
2007-12-14,4101.6
2007-12-17,4044.49
2007-12-18,4060.22
2007-12-19,4057.23
2007-12-20,4057.91
2007-12-21,4110.23
2007-12-24,4136.91
2007-12-27,4138.37
2007-12-28,4147.18
2007-12-31,4127.47
2008-01-02,4114.46
2008-01-03,4117.49
2008-01-04,4094.37
2008-01-07,4091.12
2008-01-08,4097.16
2008-01-09,4065.32
2008-01-10,4051.53
2008-01-11,4022.92
2008-01-14,4021.98
2008-01-15,3900.33
2008-01-16,3801.37
2008-01-17,3767.54
2008-01-18,3695.12
2008-01-21,3512.58
2008-01-22,3548.64
2008-01-23,3460.0
2008-01-24,3684.36
2008-01-25,3633.63
2008-01-28,3664.95
2008-01-29,3768.4
2008-01-30,3767.06
2008-01-31,3722.23
2008-02-01,3809.62
2008-02-04,3813.33
2008-02-05,3688.83
2008-02-06,3698.58
2008-02-07,3652.59
2008-02-08,3612.07
2008-02-11,3587.13
2008-02-12,3694.05
2008-02-13,3713.96
2008-02-14,3761.87
2008-02-15,3662.78
2008-02-18,3732.31
2008-02-19,3766.23
2008-02-20,3734.16
2008-02-21,3726.72
2008-02-22,3662.41
2008-02-25,3732.08
2008-02-26,3794.86
2008-02-27,3787.53
2008-02-28,3762.67
2008-02-29,3757.12
2008-03-03,3704.42
2008-03-04,3675.01
2008-03-05,3735.98
2008-03-06,3673.3
2008-03-07,3635.06
2008-03-10,3585.72
2008-03-11,3669.91
2008-03-12,3743.91
2008-03-13,3706.04
2008-03-14,3676.87
2008-03-17,3561.82
2008-03-18,3659.75
2008-03-19,3641.48
2008-03-20,3623.02
2008-03-25,3704.07
2008-03-26,3686.15
2008-03-27,3709.03
2008-03-28,3700.4
2008-03-31,3709.08
2008-04-01,3816.73
2008-04-02,3837.77
2008-04-03,3783.58
2008-04-04,3822.8
2008-04-07,3870.65
2008-04-08,3857.39
2008-04-09,3838.49
2008-04-10,3847.2
2008-04-11,3802.02
2008-04-14,3786.5
2008-04-15,3789.22
2008-04-16,3863.27
2008-04-17,3860.06
2008-04-18,3933.37
2008-04-21,3887.62
2008-04-22,3859.13
2008-04-23,3879.14
2008-04-24,3867.22
2008-04-25,3891.98
2008-04-28,3941.33
2008-04-29,3908.3
2008-04-30,3925.42
2008-05-02,3946.34
2008-05-05,3943.74
2008-05-06,3890.14
2008-05-07,3906.61
2008-05-08,3873.15
2008-05-09,3826.9
2008-05-12,3842.91
2008-05-13,3827.39
2008-05-14,3831.65
2008-05-15,3798.99
2008-05-16,3796.33
2008-05-19,3843.78
2008-05-20,3796.85
2008-05-21,3765.79
2008-05-22,3745.37
2008-05-23,3671.91
2008-05-26,3668.52
2008-05-27,3656.04
2008-05-28,3710.91
2008-05-29,3727.42
2008-05-30,3751.4
2008-06-02,3692.38
2008-06-03,3717.96
2008-06-04,3713.01
2008-06-05,3755.04
2008-06-06,3672.84
2008-06-09,3640.71
2008-06-10,3617.45
2008-06-11,3546.88
2008-06-12,3585.68
2008-06-13,3588.4
2008-06-16,3566.6
2008-06-17,3581.8
2008-06-18,3520.73
2008-06-19,3441.41
2008-06-20,3368.66
2008-06-23,3350.49
2008-06-24,3318.54
2008-06-25,3361.64
2008-06-26,3205.78
2008-06-27,3177.41
2008-06-30,3168.22
2008-07-01,3102.49
2008-07-02,3081.83
2008-07-03,3087.57
2008-07-04,3016.43
2008-07-07,3067.45
2008-07-08,3010.43
2008-07-09,3086.62
2008-07-10,3022.3
2008-07-11,2959.35
2008-07-14,2969.06
2008-07-15,2863.43
2008-07-16,2905.39
2008-07-17,2999.85
2008-07-18,3075.21
2008-07-21,3116.32
2008-07-22,3058.95
2008-07-23,3144.82
2008-07-24,3107.22
2008-07-25,3059.56
2008-07-28,2999.77
2008-07-29,2991.16
2008-07-30,3030.25
2008-07-31,2994.37
2008-08-01,2983.55
2008-08-04,2947.03
2008-08-05,3048.46
2008-08-06,3124.04
2008-08-07,3046.81
2008-08-08,3068.43
2008-08-11,3103.96
2008-08-12,3117.13
2008-08-13,3043.62
2008-08-14,3054.42
2008-08-15,3083.01
2008-08-18,3074.45
2008-08-19,3002.39
2008-08-20,3000.52
2008-08-21,2970.9
2008-08-22,3028.23
2008-08-25,3003.92
2008-08-26,3025.13
2008-08-27,3033.66
2008-08-28,3091.8
2008-08-29,3136.0
2008-09-01,3144.27
2008-09-02,3211.59
2008-09-03,3165.33
2008-09-04,3066.14
2008-09-05,3002.38
2008-09-08,3134.48
2008-09-09,3103.85
2008-09-10,3055.37
2008-09-11,3021.06
2008-09-12,3080.6
2008-09-15,2973.01
2008-09-16,2878.92
2008-09-17,2788.95
2008-09-18,2783.91
2008-09-19,3052.83
2008-09-22,2967.7
2008-09-23,2892.93
2008-09-24,2866.17
2008-09-25,2906.24
2008-09-26,2814.11
2008-09-29,2589.47
2008-09-30,2672.2
2008-10-01,2716.48
2008-10-02,2741.08
2008-10-03,2757.01
2008-10-06,2567.59
2008-10-07,2508.69
2008-10-08,2323.95
2008-10-09,2240.88
2008-10-10,2123.44
2008-10-13,2324.8
2008-10-14,2213.87
2008-10-15,2082.59
2008-10-16,1946.38
2008-10-17,2015.3
2008-10-20,2109.53
2008-10-21,2089.35
2008-10-22,1968.63
2008-10-23,1983.14
2008-10-24,1918.08
2008-10-27,1854.21
2008-10-28,1898.35
2008-10-29,2022.86
2008-10-30,2043.47
2008-10-31,2100.18
2008-11-03,2173.06
2008-11-04,2233.66
2008-11-05,2199.43
2008-11-06,2132.87
2008-11-07,2156.59
2008-11-10,2187.89
2008-11-11,2133.24
2008-11-12,2057.46
2008-11-13,2062.82
2008-11-14,2061.08
2008-11-17,2034.28
2008-11-18,2030.96
2008-11-19,1945.3
2008-11-20,1861.99
2008-11-21,1783.7
2008-11-24,1828.18
2008-11-25,1848.89
2008-11-26,1809.26
2008-11-27,1866.96
2008-11-28,1881.46
2008-12-01,1785.79
2008-12-02,1814.15
2008-12-03,1848.01
2008-12-04,1848.32
2008-12-05,1800.87
2008-12-08,1902.96
2008-12-09,1885.83
2008-12-10,1906.24
2008-12-11,1879.7
2008-12-12,1854.84
2008-12-15,1873.11
2008-12-16,1862.68
2008-12-17,1859.62
2008-12-18,1881.85
2008-12-19,1861.45
2008-12-22,1845.08
2008-12-23,1863.39
2008-12-24,1846.63
2008-12-29,1883.17
2008-12-30,1907.12
2008-12-31,1908.64
2009-01-02,1980.77
2009-01-05,2004.32
2009-01-06,1997.28
2009-01-07,1997.91
2009-01-08,1976.57
2009-01-09,1973.95
2009-01-12,1970.54
2009-01-13,1963.02
2009-01-14,1890.27
2009-01-15,1856.11
2009-01-16,1851.65
2009-01-19,1839.94
2009-01-20,1802.74
2009-01-21,1794.97
2009-01-22,1805.38
2009-01-23,1834.19
2009-01-26,1884.03
2009-01-27,1870.39
2009-01-28,1925.48
2009-01-29,1893.94
2009-01-30,1900.09
2009-02-02,1858.77
2009-02-03,1883.81
2009-02-04,1906.49
2009-02-05,1907.22
2009-02-06,1916.88
2009-02-09,1927.25
2009-02-10,1884.26
2009-02-11,1884.02
2009-02-12,1843.0
2009-02-13,1832.24
2009-02-16,1823.78
2009-02-17,1783.23
2009-02-18,1756.19
2009-02-19,1783.2
2009-02-20,1740.36
2009-02-23,1725.58
2009-02-24,1697.6
2009-02-25,1681.13
2009-02-26,1688.15
2009-02-27,1696.58
2009-03-02,1610.56
2009-03-03,1566.27
2009-03-04,1584.19
2009-03-05,1552.18
2009-03-06,1527.27
2009-03-09,1553.05
2009-03-10,1616.51
2009-03-11,1647.25
2009-03-12,1671.04
2009-03-13,1661.76
2009-03-16,1707.74
2009-03-17,1700.97
2009-03-18,1698.43
2009-03-19,1689.64
2009-03-20,1708.66
2009-03-23,1754.02
2009-03-24,1749.29
2009-03-25,1756.96
2009-03-26,1783.16
2009-03-27,1751.56
2009-03-30,1700.44
2009-03-31,1748.74
2009-04-01,1772.84
2009-04-02,1831.13
2009-04-03,1808.37
2009-04-06,1800.15
2009-04-07,1765.51
2009-04-08,1770.66
2009-04-09,1807.14
2009-04-14,1822.32
2009-04-15,1848.33
2009-04-16,1873.87
2009-04-17,1923.46
2009-04-20,1856.69
2009-04-21,1884.15
2009-04-22,1903.89
2009-04-23,1905.37
2009-04-24,1955.82
2009-04-27,1934.02
2009-04-28,1920.82
2009-04-29,1950.98
2009-04-30,1953.35
2009-05-04,1993.47
2009-05-05,1969.62
2009-05-06,2024.9
2009-05-07,2073.54
2009-05-08,2126.23
2009-05-11,2085.68
2009-05-12,2049.45
2009-05-13,2016.37
2009-05-14,1978.37
2009-05-15,2005.33
2009-05-18,2049.67
2009-05-19,2078.75
2009-05-20,2107.98
2009-05-21,2056.37
2009-05-22,2064.64
2009-05-25,2074.97
2009-05-26,2065.59
2009-05-27,2084.52
2009-05-28,2063.65
2009-05-29,2071.37
2009-06-01,2091.61
2009-06-02,2084.9
2009-06-03,2066.54
2009-06-04,2063.02
2009-06-05,2071.39
2009-06-08,2046.17
2009-06-09,2056.61
2009-06-10,2064.32
2009-06-11,2059.75
2009-06-12,2070.19
2009-06-15,2008.98
2009-06-16,1995.59
2009-06-17,1964.64
2009-06-18,1980.83
2009-06-19,1997.71
2009-06-22,1948.42
2009-06-23,1966.43
2009-06-24,2016.35
2009-06-25,2015.68
2009-06-26,2013.32
2009-06-29,2037.74
2009-06-30,2030.98
2009-07-01,2073.98
2009-07-02,2038.05
2009-07-03,2040.86
2009-07-06,2009.98
2009-07-07,1994.81
2009-07-08,1960.6
2009-07-09,1968.69
2009-07-10,1964.24
2009-07-13,1993.59
2009-07-14,2025.71
2009-07-15,2082.29
2009-07-16,2084.55
2009-07-17,2083.11
2009-07-20,2105.34
2009-07-21,2111.16
2009-07-22,2125.66
2009-07-23,2140.85
2009-07-24,2135.43
2009-07-27,2136.92
2009-07-28,2108.78
2009-07-29,2120.37
2009-07-30,2155.09
2009-07-31,2169.14
2009-08-03,2177.77
2009-08-04,2185.07
2009-08-05,2173.27
2009-08-06,2226.5
2009-08-07,2252.67
2009-08-10,2294.44
2009-08-11,2262.4
2009-08-12,2273.34
2009-08-13,2279.59
2009-08-14,2274.24
2009-08-17,2229.85
2009-08-18,2260.64
2009-08-19,2263.26
2009-08-20,2309.21
2009-08-21,2354.65
2009-08-24,2395.26
2009-08-25,2414.8
2009-08-26,2400.15
2009-08-27,2375.85
2009-08-28,2393.66
2009-08-31,2364.95
2009-09-01,2332.16
2009-09-02,2290.72
2009-09-03,2322.82
2009-09-04,2356.17
2009-09-07,2398.1
2009-09-08,2421.95
2009-09-09,2446.64
2009-09-10,2450.76
2009-09-11,2458.72
2009-09-14,2438.24
2009-09-15,2469.83
2009-09-16,2500.18
2009-09-17,2504.2
2009-09-18,2499.45
2009-09-21,2492.26
2009-09-22,2478.65
2009-09-23,2491.19
2009-09-24,2470.9
2009-09-25,2462.44
2009-09-28,2490.19
2009-09-29,2490.78
2009-09-30,2485.62
2009-10-01,2451.37
2009-10-02,2415.96
2009-10-05,2446.0
2009-10-06,2526.87
2009-10-07,2507.22
2009-10-08,2542.28
2009-10-09,2547.01
2009-10-12,2559.26
2009-10-13,2532.02
2009-10-14,2584.29
2009-10-15,2584.39
2009-10-16,2578.14
2009-10-19,2606.93
2009-10-20,2584.59
2009-10-21,2578.03
2009-10-22,2556.55
2009-10-23,2547.34
2009-10-26,2493.25
2009-10-27,2443.04
2009-10-28,2371.96
2009-10-29,2440.45
2009-10-30,2392.72
2009-11-02,2397.41
2009-11-03,2351.09
2009-11-04,2401.17
2009-11-05,2419.08
2009-11-06,2431.71
2009-11-09,2484.3
2009-11-10,2465.35
2009-11-11,2477.98
2009-11-12,2480.93
2009-11-13,2506.47
2009-11-16,2535.32
2009-11-17,2527.05
2009-11-18,2525.44
2009-11-19,2485.61
2009-11-20,2483.46
2009-11-23,2521.92
2009-11-24,2502.94
2009-11-25,2503.53
2009-11-26,2426.4
2009-11-27,2456.82
2009-11-30,2421.29
2009-12-01,2490.06
2009-12-02,2516.62
2009-12-03,2525.14
2009-12-04,2538.84
2009-12-07,2533.86
2009-12-08,2509.48
2009-12-09,2470.55
2009-12-10,2483.59
2009-12-11,2487.38
2009-12-14,2506.86
2009-12-15,2508.76
2009-12-16,2527.67
2009-12-17,2490.69
2009-12-18,2453.06
2009-12-21,2482.61
2009-12-22,2489.1
2009-12-23,2489.56
2009-12-24,2490.47
2009-12-28,2516.08
2009-12-29,2525.93
2009-12-30,2510.66
2009-12-31,2511.62
2010-01-04,2563.97
2010-01-05,2587.77
2010-01-06,2596.43
2010-01-07,2590.68
2010-01-08,2591.64
2010-01-11,2585.86
2010-01-12,2565.05
2010-01-13,2575.11
2010-01-14,2571.37
2010-01-15,2536.45
2010-01-18,2552.71
2010-01-19,2547.36
2010-01-20,2516.68
2010-01-21,2484.26
2010-01-22,2475.81
2010-01-25,2475.14
2010-01-26,2496.45
2010-01-27,2493.67
2010-01-28,2486.51
2010-01-29,2505.2
2010-02-01,2537.71
2010-02-02,2547.11
2010-02-03,2529.66
2010-02-04,2454.9
2010-02-05,2392.52
2010-02-08,2402.15
2010-02-09,2413.18
2010-02-10,2440.79
2010-02-11,2453.79
2010-02-12,2461.47
2010-02-15,2449.79
2010-02-16,2475.48
2010-02-17,2512.84
2010-02-18,2518.41
2010-02-19,2527.73
2010-02-22,2521.1
2010-02-23,2502.89
2010-02-24,2514.94
2010-02-25,2480.65
2010-02-26,2514.87
2010-03-01,2543.41
2010-03-02,2558.77
2010-03-03,2592.56
2010-03-04,2582.96
2010-03-05,2611.03
2010-03-08,2600.83
2010-03-09,2606.31
2010-03-10,2634.16
2010-03-11,2613.52
2010-03-12,2625.28
2010-03-15,2608.8
2010-03-16,2631.57
2010-03-17,2665.62
2010-03-18,2654.85
2010-03-19,2639.28
2010-03-22,2634.45
2010-03-23,2649.34
2010-03-24,2649.7
2010-03-25,2672.1
2010-03-26,2656.93
2010-03-29,2665.4
2010-03-30,2656.12
2010-03-31,2648.46
2010-04-01,2680.56
2010-04-06,2696.66
2010-04-07,2696.96
2010-04-08,2668.62
2010-04-09,2702.87
2010-04-12,2714.81
2010-04-13,2708.98
2010-04-14,2716.7
2010-04-15,2715.16
2010-04-16,2687.36
2010-04-19,2667.96
2010-04-20,2681.07
2010-04-21,2660.86
2010-04-22,2630.94
2010-04-23,2644.14
2010-04-26,2656.28
2010-04-27,2567.68
2010-04-28,2506.19
2010-04-29,2561.69
2010-04-30,2560.99
2010-05-03,2572.46
2010-05-04,2504.25
2010-05-05,2446.22
2010-05-06,2400.78
2010-05-07,2296.81
2010-05-10,2511.98
2010-05-11,2483.53
2010-05-12,2540.36
2010-05-13,2534.85
2010-05-14,2447.17
2010-05-17,2439.07
2010-05-18,2485.24
2010-05-19,2432.85
2010-05-20,2386.49
2010-05-21,2395.65
2010-05-24,2402.45
2010-05-25,2329.79
2010-05-26,2386.45
2010-05-27,2469.56
2010-05-28,2460.54
2010-05-31,2453.37
2010-06-01,2466.0
2010-06-02,2464.25
2010-06-03,2484.27
2010-06-04,2429.67
2010-06-07,2412.05
2010-06-08,2390.89
2010-06-09,2425.68
2010-06-10,2463.32
2010-06-11,2463.85
2010-06-14,2498.24
2010-06-15,2509.31
2010-06-16,2513.8
2010-06-17,2523.36
2010-06-18,2528.93
2010-06-21,2549.84
2010-06-22,2536.22
2010-06-23,2494.34
2010-06-24,2455.8
2010-06-25,2441.65
2010-06-28,2461.96
2010-06-29,2382.48
2010-06-30,2386.53
2010-07-01,2336.12
2010-07-02,2337.29
2010-07-05,2329.6
2010-07-06,2389.28
2010-07-07,2415.81
2010-07-08,2455.99
2010-07-09,2462.75
2010-07-12,2470.27
2010-07-13,2516.26
2010-07-14,2522.12
2010-07-15,2495.05
2010-07-16,2442.75
2010-07-19,2431.56
2010-07-20,2417.34
2010-07-21,2451.93
2010-07-22,2501.41
2010-07-23,2506.07
2010-07-26,2531.75
2010-07-27,2557.43
2010-07-28,2545.08
2010-07-29,2537.9
2010-07-30,2517.3
2010-08-02,2579.35
2010-08-03,2588.92
2010-08-04,2587.82
2010-08-05,2586.09
2010-08-06,2549.82
2010-08-09,2571.02
2010-08-10,2561.71
2010-08-11,2495.93
2010-08-12,2505.9
2010-08-13,2485.7
2010-08-16,2469.46
2010-08-17,2518.34
2010-08-18,2512.61
2010-08-19,2474.08
2010-08-20,2452.32
2010-08-23,2469.08
2010-08-24,2435.96
2010-08-25,2424.0
2010-08-26,2446.63
2010-08-27,2467.55
2010-08-30,2460.93
2010-08-31,2457.46
2010-09-01,2531.76
2010-09-02,2537.76
2010-09-03,2549.96
2010-09-06,2560.24
2010-09-07,2538.91
2010-09-08,2556.0
2010-09-09,2577.46
2010-09-10,2569.72
2010-09-13,2610.81
2010-09-14,2608.85
2010-09-15,2603.51
2010-09-16,2585.29
2010-09-17,2569.22
2010-09-20,2601.85
2010-09-21,2604.33
2010-09-22,2575.16
2010-09-23,2570.39
2010-09-24,2601.61
2010-09-27,2597.73
2010-09-28,2603.5
2010-09-29,2602.69
2010-09-30,2589.73
2010-10-01,2579.39
2010-10-04,2558.82
2010-10-05,2595.93
2010-10-06,2613.44
2010-10-07,2604.03
2010-10-08,2622.78
2010-10-11,2635.1
2010-10-12,2620.82
2010-10-13,2670.38
2010-10-14,2662.91
2010-10-15,2658.78
2010-10-18,2672.38
2010-10-19,2666.15
2010-10-20,2669.27
2010-10-21,2691.78
2010-10-22,2691.53
2010-10-25,2698.64
2010-10-26,2692.74
2010-10-27,2672.71
2010-10-28,2677.4
2010-10-29,2679.07
2010-11-01,2688.39
2010-11-02,2696.69
2010-11-03,2663.84
2010-11-04,2710.41
2010-11-05,2686.09
2010-11-08,2683.42
2010-11-09,2702.84
2010-11-10,2672.25
2010-11-11,2631.64
2010-11-12,2624.97
2010-11-15,2654.43
2010-11-16,2608.06
2010-11-17,2624.86
2010-11-18,2670.51
2010-11-19,2665.01
2010-11-22,2643.35
2010-11-23,2584.25
2010-11-24,2591.51
2010-11-25,2601.42
2010-11-26,2579.81
2010-11-29,2521.33
2010-11-30,2506.13
2010-12-01,2565.84
2010-12-02,2617.2
2010-12-03,2614.99
2010-12-06,2611.41
2010-12-07,2624.67
2010-12-08,2617.44
2010-12-09,2624.4
2010-12-10,2628.0
2010-12-13,2636.87
2010-12-14,2635.69
2010-12-15,2623.03
2010-12-16,2615.17
2010-12-17,2596.59
2010-12-20,2614.85
2010-12-21,2631.01
2010-12-22,2631.43
2010-12-23,2635.89
2010-12-24,2625.84
2010-12-27,2597.19
2010-12-28,2592.31
2010-12-29,2611.45
2010-12-30,2590.67
2010-12-31,2578.6
2011-01-03,2631.84
2011-01-04,2647.86
2011-01-05,2631.57
2011-01-06,2625.44
2011-01-07,2605.15
2011-01-10,2555.19
2011-01-11,2579.7
2011-01-12,2626.4
2011-01-13,2632.68
2011-01-14,2621.31
2011-01-17,2621.42
2011-01-18,2657.85
2011-01-19,2640.78
2011-01-20,2626.24
2011-01-21,2653.98
2011-01-24,2662.37
2011-01-25,2660.88
2011-01-26,2669.54
2011-01-27,2678.23
2011-01-28,2647.09
2011-01-31,2638.7
2011-02-01,2683.73
2011-02-02,2688.78
2011-02-03,2684.9
2011-02-04,2692.36
2011-02-07,2724.47
2011-02-08,2726.95
2011-02-09,2719.94
2011-02-10,2702.46
2011-02-11,2713.66
2011-02-14,2725.51
2011-02-15,2730.78
2011-02-16,2755.61
2011-02-17,2770.81
2011-02-18,2755.03
2011-02-21,2715.66
2011-02-22,2703.37
2011-02-23,2679.26
2011-02-24,2665.97
2011-02-25,2692.41
2011-02-28,2707.09
2011-03-01,2712.67
2011-03-02,2689.37
2011-03-03,2692.02
2011-03-04,2701.5
2011-03-07,2680.17
2011-03-08,2683.23
2011-03-09,2675.65
2011-03-10,2666.24
2011-03-11,2652.11
2011-03-14,2646.32
2011-03-15,2565.48
2011-03-16,2522.96
2011-03-17,2557.71
2011-03-18,2567.18
2011-03-21,2627.42
2011-03-22,2610.2
2011-03-23,2630.6
2011-03-24,2655.77
2011-03-25,2656.77
2011-03-28,2658.67
2011-03-29,2669.31
2011-03-30,2684.35
2011-03-31,2662.17
2011-04-01,2689.84
2011-04-04,2707.42
2011-04-05,2698.21
2011-04-06,2711.69
2011-04-07,2712.26
2011-04-08,2722.23
2011-04-11,2721.23
2011-04-12,2694.84
2011-04-13,2719.18
2011-04-14,2695.0
2011-04-15,2711.46
2011-04-18,2675.3
2011-04-19,2692.45
2011-04-20,2725.31
2011-04-21,2727.67
2011-04-26,2748.22
2011-04-27,2750.77
2011-04-28,2766.56
2011-04-29,2768.34
2011-05-02,2768.25
2011-05-03,2749.77
2011-05-04,2701.27
2011-05-05,2693.74
2011-05-06,2702.27
2011-05-09,2694.68
2011-05-10,2732.67
2011-05-11,2719.31
2011-05-12,2722.04
2011-05-13,2727.71
2011-05-16,2727.77
2011-05-17,2696.76
2011-05-18,2700.82
2011-05-19,2717.02
2011-05-20,2718.01
2011-05-23,2666.75
2011-05-24,2675.52
2011-05-25,2670.57
2011-05-26,2655.43
2011-05-27,2655.64
2011-05-30,2650.24
2011-05-31,2687.71
2011-06-01,2662.96
2011-06-02,2618.83
2011-06-03,2628.71
2011-06-06,2617.14
2011-06-07,2622.32
2011-06-08,2598.8
2011-06-09,2615.74
2011-06-10,2574.08
2011-06-13,2570.69
2011-06-14,2590.15
2011-06-15,2562.63
2011-06-16,2546.67
2011-06-17,2565.7
2011-06-20,2544.94
2011-06-21,2580.87
2011-06-22,2558.12
2011-06-23,2513.47
2011-06-24,2514.3
2011-06-27,2505.49
2011-06-28,2493.46
2011-06-29,2547.93
2011-06-30,2572.58
2011-07-01,2583.36
2011-07-04,2599.87
2011-07-05,2571.92
2011-07-06,2549.11
2011-07-07,2572.95
2011-07-08,2532.31
2011-07-11,2466.25
2011-07-12,2436.48
2011-07-13,2463.69
2011-07-14,2439.5
2011-07-15,2437.04
2011-07-18,2384.12
2011-07-19,2402.71
2011-07-20,2455.29
2011-07-21,2504.77
2011-07-22,2522.05
2011-07-25,2505.37
2011-07-26,2496.66
2011-07-27,2460.88
2011-07-28,2455.96
2011-07-29,2427.09
2011-08-01,2376.56
2011-08-02,2330.38
2011-08-03,2291.11
2011-08-04,2223.67
2011-08-05,2177.91
2011-08-08,2096.04
2011-08-09,2154.72
2011-08-10,2091.74
2011-08-11,2144.98
2011-08-12,2262.95
2011-08-15,2276.41
2011-08-16,2246.92
2011-08-17,2254.71
2011-08-18,2151.96
2011-08-19,2118.71
2011-08-22,2140.05
2011-08-23,2138.51
2011-08-24,2200.36
2011-08-25,2181.3
2011-08-26,2170.95
2011-08-29,2202.59
2011-08-30,2212.61
2011-08-31,2267.88
2011-09-01,2266.82
2011-09-02,2219.71
2011-09-05,2117.46
2011-09-06,2109.89
2011-09-07,2168.9
2011-09-08,2188.79
2011-09-09,2117.82
2011-09-12,2053.01
2011-09-13,2070.07
2011-09-14,2096.75
2011-09-15,2139.16
2011-09-16,2156.39
2011-09-19,2100.88
2011-09-20,2132.73
2011-09-21,2115.87
2011-09-22,2002.79
2011-09-23,2021.37
2011-09-26,2061.91
2011-09-27,2153.51
2011-09-28,2139.6
2011-09-29,2163.13
2011-09-30,2131.28
2011-10-03,2096.74
2011-10-04,2038.84
2011-10-05,2109.9
2011-10-06,2155.38
2011-10-07,2146.42
2011-10-10,2179.74
2011-10-11,2164.81
2011-10-12,2192.33
2011-10-13,2180.23
2011-10-14,2203.04
2011-10-17,2169.78
2011-10-18,2137.05
2011-10-19,2134.22
2011-10-20,2096.69
2011-10-21,2138.82
2011-10-24,2161.64
2011-10-25,2133.69
2011-10-26,2132.69
2011-10-27,2220.5
2011-10-28,2199.35
2011-10-31,2139.18
2011-11-01,2059.3
2011-11-02,2070.7
2011-11-03,2121.89
2011-11-04,2082.01
2011-11-07,2080.86
2011-11-08,2102.4
2011-11-09,2077.15
2011-11-10,2063.91
2011-11-11,2122.38
2011-11-14,2089.04
2011-11-15,2067.88
2011-11-16,2062.48
2011-11-17,2040.01
2011-11-18,2016.76
2011-11-21,1953.98
2011-11-22,1946.26
2011-11-23,1923.32
2011-11-24,1916.26
2011-11-25,1920.91
2011-11-28,2008.9
2011-11-29,2007.23
2011-11-30,2073.95
2011-12-01,2052.58
2011-12-02,2077.15
2011-12-05,2117.39
2011-12-06,2086.05
2011-12-07,2084.68
2011-12-08,2044.2
2011-12-09,2078.46
2011-12-12,2030.47
2011-12-13,2032.2
2011-12-14,1986.88
2011-12-15,2001.53
2011-12-16,2003.57
2011-12-19,2000.0
2011-12-20,2050.12
2011-12-21,2026.32
2011-12-22,2040.29
2011-12-23,2054.45
2011-12-27,2054.23
2011-12-28,2043.59
2011-12-29,2067.09
2011-12-30,2083.42
2012-01-02,2114.32
2012-01-03,2146.45
2012-01-04,2121.11
2012-01-05,2096.9
2012-01-06,2093.27
2012-01-09,2082.25
2012-01-10,2127.52
2012-01-11,2140.32
2012-01-12,2137.42
2012-01-13,2125.34
2012-01-16,2129.3
2012-01-17,2157.94
2012-01-18,2155.7
2012-01-19,2196.63
2012-01-20,2199.08
2012-01-23,2205.76
2012-01-24,2192.87
2012-01-25,2194.53
2012-01-26,2252.03
2012-01-27,2237.59
2012-01-30,2197.08
2012-01-31,2206.8
2012-02-01,2264.73
2012-02-02,2272.12
2012-02-03,2304.58
2012-02-06,2288.35
2012-02-07,2286.26
2012-02-08,2280.22
2012-02-09,2270.63
2012-02-10,2230.78
2012-02-13,2258.1
2012-02-14,2234.38
2012-02-15,2232.61
2012-02-16,2258.24
2012-02-17,2280.8
2012-02-20,2304.33
2012-02-21,2287.08
2012-02-22,2258.97
2012-02-23,2253.15
2012-02-24,2262.24
2012-02-27,2253.88
2012-02-28,2266.19
2012-02-29,2275.86
2012-03-01,2288.65
2012-03-02,2295.91
2012-03-05,2282.25
2012-03-06,2209.89
2012-03-07,2239.96
2012-03-08,2270.47
2012-03-09,2281.9
2012-03-12,2281.08
2012-03-13,2320.13
2012-03-14,2328.56
2012-03-15,2343.98
2012-03-16,2366.11
2012-03-19,2374.29
2012-03-20,2351.95
2012-03-21,2345.61
2012-03-22,2323.27
2012-03-23,2338.31
2012-03-26,2362.61
2012-03-27,2349.67
2012-03-28,2322.92
2012-03-29,2296.47
2012-03-30,2324.05
2012-04-02,2354.53
2012-04-03,2334.76
2012-04-04,2262.45
2012-04-05,2253.73
2012-04-10,2213.94
2012-04-11,2234.4
2012-04-12,2264.36
2012-04-13,2229.68
2012-04-16,2239.35
2012-04-17,2291.24
2012-04-18,2258.37
2012-04-19,2237.52
2012-04-20,2246.31
2012-04-23,2191.4
2012-04-24,2204.22
2012-04-25,2243.2
2012-04-26,2209.9
2012-04-27,2220.9
2012-04-30,2208.44
2012-05-02,2210.48
2012-05-03,2194.98
2012-05-04,2166.75
2012-05-07,2180.42
2012-05-08,2170.61
2012-05-09,2159.99
2012-05-10,2187.25
2012-05-11,2184.43
2012-05-14,2134.55
2012-05-15,2103.19
2012-05-16,2103.81
2012-05-17,2081.2
2012-05-18,2073.88
2012-05-21,2093.8
2012-05-22,2142.41
2012-05-23,2089.49
2012-05-24,2113.6
2012-05-25,2119.44
2012-05-28,2117.66
2012-05-29,2130.19
2012-05-30,2105.8
2012-05-31,2093.56
2012-06-01,2054.02
2012-06-04,2049.25
2012-06-05,2054.46
2012-06-06,2104.45
2012-06-07,2104.57
2012-06-08,2099.84
2012-06-11,2097.91
2012-06-12,2104.53
2012-06-13,2093.32
2012-06-14,2103.41
2012-06-15,2118.95
2012-06-18,2110.59
2012-06-19,2149.97
2012-06-20,2152.35
2012-06-21,2143.09
2012-06-22,2126.37
2012-06-25,2107.44
2012-06-26,2106.24
2012-06-27,2139.61
2012-06-28,2146.05
2012-06-29,2227.63
2012-07-02,2254.13
2012-07-03,2267.24
2012-07-04,2263.73
2012-07-05,2242.88
2012-07-06,2211.5
2012-07-09,2194.31
2012-07-10,2216.8
2012-07-11,2216.32
2012-07-12,2197.9
2012-07-13,2220.34
2012-07-16,2226.3
2012-07-17,2229.85
2012-07-18,2262.99
2012-07-19,2293.07
2012-07-20,2249.84
2012-07-23,2186.76
2012-07-24,2176.53
2012-07-25,2179.33
2012-07-26,2244.64
2012-07-27,2287.37
2012-07-30,2315.91
2012-07-31,2274.84
2012-08-01,2289.26
2012-08-02,2241.6
2012-08-03,2304.23
2012-08-06,2336.22
2012-08-07,2349.96
2012-08-08,2340.44
2012-08-09,2351.98
2012-08-10,2343.99
2012-08-13,2337.21
2012-08-14,2350.44
2012-08-15,2351.68
2012-08-16,2370.22
2012-08-17,2389.71
2012-08-20,2380.43
2012-08-21,2388.88
2012-08-22,2369.35
2012-08-23,2348.72
2012-08-24,2350.64
2012-08-27,2371.93
2012-08-28,2352.07
2012-08-29,2351.74
2012-08-30,2327.51
2012-08-31,2345.69
2012-09-03,2366.47
2012-09-04,2347.9
2012-09-05,2346.18
2012-09-06,2397.79
2012-09-07,2416.73
2012-09-10,2411.84
2012-09-11,2417.83
2012-09-12,2439.49
2012-09-13,2426.57
2012-09-14,2471.6
2012-09-17,2474.45
2012-09-18,2449.4
2012-09-19,2452.08
2012-09-20,2459.46
2012-09-21,2473.01
2012-09-24,2460.2
2012-09-25,2450.25
2012-09-26,2405.51
2012-09-27,2408.0
2012-09-28,2373.33
2012-10-01,2402.41
2012-10-02,2407.07
2012-10-03,2408.17
2012-10-04,2407.95
2012-10-05,2436.48
2012-10-08,2407.24
2012-10-09,2386.98
2012-10-10,2363.23
2012-10-11,2377.02
2012-10-12,2366.8
2012-10-15,2376.48
2012-10-16,2400.0
2012-10-17,2418.76
2012-10-18,2408.43
2012-10-19,2386.4
2012-10-22,2377.25
2012-10-23,2348.75
2012-10-24,2361.57
2012-10-25,2355.03
2012-10-26,2371.91
2012-10-29,2356.7
2012-10-30,2383.33
2012-10-31,2369.21
2012-11-01,2387.89
2012-11-02,2400.31
2012-11-05,2376.99
2012-11-06,2398.99
2012-11-07,2364.22
2012-11-08,2359.68
2012-11-09,2356.63
2012-11-12,2355.24
2012-11-13,2359.6
2012-11-14,2339.23
2012-11-15,2324.24
2012-11-16,2300.68
2012-11-19,2354.54
2012-11-20,2366.74
2012-11-21,2374.83
2012-11-22,2393.02
2012-11-23,2408.53
2012-11-26,2400.68
2012-11-27,2404.94
2012-11-28,2404.42
2012-11-29,2451.5
2012-11-30,2436.95
2012-12-03,2440.37
2012-12-04,2442.81
2012-12-05,2439.67
2012-12-06,2417.07
2012-12-07,2424.09
2012-12-10,2423.16
2012-12-11,2431.41
2012-12-12,2438.39
2012-12-13,2442.56
2012-12-14,2457.8
2012-12-17,2463.88
2012-12-18,2480.36
2012-12-19,2500.66
2012-12-20,2492.2
2012-12-21,2485.06
2012-12-24,2477.22
2012-12-27,2486.75
2012-12-28,2466.27
2012-12-31,2475.81
2013-01-02,2515.27
2013-01-03,2516.85
2013-01-04,2516.32
2013-01-07,2503.12
2013-01-08,2497.62
2013-01-09,2506.39
2013-01-10,2505.27
2013-01-11,2496.8
2013-01-14,2491.38
2013-01-15,2499.4
2013-01-16,2504.45
2013-01-17,2532.43
2013-01-18,2539.51
2013-01-21,2547.39
2013-01-22,2549.71
2013-01-23,2535.48
2013-01-24,2554.0
2013-01-25,2570.58
2013-01-28,2574.76
2013-01-29,2571.98
2013-01-30,2559.63
2013-01-31,2520.35
2013-02-01,2560.01
2013-02-04,2506.23
2013-02-05,2518.66
2013-02-06,2503.25
2013-02-07,2493.26
2013-02-08,2505.91
2013-02-11,2498.19
2013-02-12,2518.43
2013-02-13,2534.25
2013-02-14,2547.38
2013-02-15,2535.88
2013-02-18,2520.81
2013-02-19,2556.67
2013-02-20,2558.21
2013-02-21,2509.44
2013-02-22,2550.92
2013-02-25,2559.01
2013-02-26,2510.62
2013-02-27,2544.23
2013-02-28,2569.17
2013-03-01,2546.83
2013-03-04,2541.9
2013-03-05,2590.68
2013-03-06,2589.11
2013-03-07,2602.43
2013-03-08,2632.52
2013-03-11,2633.13
2013-03-12,2627.47
2013-03-13,2632.04
2013-03-14,2647.69
2013-03-15,2628.63
2013-03-18,2618.96
2013-03-19,2597.4
2013-03-20,2617.39
2013-03-21,2613.36
2013-03-22,2619.55
2013-03-25,2595.18
2013-03-26,2593.7
2013-03-27,2578.24
2013-03-28,2592.19
2013-04-02,2626.72
2013-04-03,2587.27
2013-04-04,2579.02
2013-04-05,2543.9
2013-04-08,2544.69
2013-04-09,2558.8
2013-04-10,2624.19
2013-04-11,2637.43
2013-04-12,2615.6
2013-04-15,2593.69
2013-04-16,2574.81
2013-04-17,2528.4
2013-04-18,2528.03
2013-04-19,2553.91
2013-04-22,2587.62
2013-04-23,2641.01
2013-04-24,2657.6
2013-04-25,2650.97
2013-04-26,2610.12
2013-04-29,2645.65
2013-04-30,2643.42
2013-05-02,2660.9
2013-05-03,2696.36
2013-05-06,2696.57
2013-05-07,2716.51
2013-05-08,2736.65
2013-05-09,2730.96
2013-05-10,2729.77
2013-05-13,2719.55
2013-05-14,2724.63
2013-05-15,2728.51
2013-05-16,2727.51
2013-05-17,2732.29
2013-05-20,2740.66
2013-05-21,2734.82
2013-05-22,2746.64
2013-05-23,2705.29
2013-05-24,2700.91
2013-05-27,2713.98
2013-05-28,2728.25
2013-05-29,2685.62
2013-05-30,2684.55
2013-05-31,2649.36
2013-06-03,2635.27
2013-06-04,2645.41
2013-06-05,2609.56
2013-06-06,2594.65
2013-06-07,2623.07
2013-06-10,2611.8
2013-06-11,2582.05
2013-06-12,2570.39
2013-06-13,2578.0
2013-06-14,2599.33
2013-06-17,2623.13
2013-06-18,2619.32
2013-06-19,2618.4
2013-06-20,2538.93
2013-06-21,2511.54
2013-06-24,2453.11
2013-06-25,2477.7
2013-06-26,2532.72
2013-06-27,2545.88
2013-06-28,2526.11
2013-07-01,2532.11
2013-07-02,2519.97
2013-07-03,2512.85
2013-07-04,2568.1
2013-07-05,2539.4
2013-07-08,2582.16
2013-07-09,2603.08
2013-07-10,2611.64
2013-07-11,2637.44
2013-07-12,2630.1
2013-07-15,2644.97
2013-07-16,2622.81
2013-07-17,2635.13
2013-07-18,2651.0
2013-07-19,2650.16
2013-07-22,2635.34
2013-07-23,2628.12
2013-07-24,2665.73
2013-07-25,2643.73
2013-07-26,2638.99
2013-07-29,2624.05
2013-07-30,2635.96
2013-07-31,2662.68
2013-08-01,2717.41
2013-08-02,2760.2
2013-08-05,2766.54
2013-08-06,2745.88
2013-08-07,2748.92
2013-08-08,2804.92
2013-08-09,2807.67
2013-08-12,2818.38
2013-08-13,2832.32
2013-08-14,2829.78
2013-08-15,2810.94
2013-08-16,2823.79
2013-08-19,2799.95
2013-08-20,2766.47
2013-08-21,2750.73
2013-08-22,2778.22
2013-08-23,2788.45
2013-08-26,2769.8
2013-08-27,2698.33
2013-08-28,2698.79
2013-08-29,2715.12
2013-08-30,2673.42
2013-09-02,2709.46
2013-09-03,2707.2
2013-09-04,2698.63
2013-09-05,2716.28
2013-09-06,2731.09
2013-09-09,2732.44
2013-09-10,2770.13
2013-09-11,2789.85
2013-09-12,2788.09
2013-09-13,2795.59
2013-09-16,2822.52
2013-09-17,2811.37
2013-09-18,2831.16
2013-09-19,2841.3
2013-09-20,2836.63
2013-09-23,2822.02
2013-09-24,2824.07
2013-09-25,2822.45
2013-09-26,2827.04
2013-09-27,2818.17
2013-09-30,2802.27
2013-10-01,2829.38
2013-10-02,2819.67
2013-10-03,2796.37
2013-10-04,2812.58
2013-10-07,2807.8
2013-10-08,2789.61
2013-10-09,2788.99
2013-10-10,2843.24
2013-10-11,2830.66
2013-10-14,2832.57
2013-10-15,2873.8
2013-10-16,2893.07
2013-10-17,2880.31
2013-10-18,2895.12
2013-10-21,2903.37
2013-10-22,2908.92
2013-10-23,2896.48
2013-10-24,2905.88
2013-10-25,2885.77
2013-10-28,2879.19
2013-10-29,2903.83
2013-10-30,2882.35
2013-10-31,2904.35
2013-11-01,2888.68
2013-11-04,2903.19
2013-11-05,2895.74
2013-11-06,2932.46
2013-11-07,2912.24
2013-11-08,2895.57
2013-11-11,2914.69
2013-11-12,2897.52
2013-11-13,2878.94
2013-11-14,2896.69
2013-11-15,2877.67
2013-11-18,2875.22
2013-11-19,2859.56
2013-11-20,2852.95
2013-11-21,2846.68
2013-11-22,2840.66
2013-11-25,2859.59
2013-11-26,2855.65
2013-11-27,2869.83
2013-11-28,2866.61
2013-11-29,2870.89
2013-12-02,2858.11
2013-12-03,2804.98
2013-12-04,2788.82
2013-12-05,2766.19
2013-12-06,2790.24
2013-12-09,2799.73
2013-12-10,2790.61
2013-12-11,2778.16
2013-12-12,2764.3
2013-12-13,2751.81
2013-12-16,2784.17
2013-12-17,2761.91
2013-12-18,2794.69
2013-12-19,2839.36
2013-12-20,2869.67
2013-12-23,2887.58
2013-12-24,2899.42
2013-12-27,2921.05
2013-12-30,2915.33
2013-12-31,2923.82
2014-01-02,2880.45
2014-01-03,2903.99
2014-01-06,2892.96
2014-01-07,2911.57
2014-01-08,2932.73
2014-01-09,2928.72
2014-01-10,2934.89
2014-01-13,2944.48
2014-01-14,2940.79
2014-01-15,2957.98
2014-01-16,2964.8
2014-01-17,2969.15
2014-01-20,2964.32
2014-01-21,2958.83
2014-01-22,2952.36
2014-01-23,2951.95
2014-01-24,2889.93
2014-01-27,2878.64
2014-01-28,2902.57
2014-01-29,2880.93
2014-01-30,2897.97
2014-01-31,2891.25
2014-02-03,2844.21
2014-02-04,2847.75
2014-02-05,2847.32
2014-02-06,2894.73
2014-02-07,2909.43
2014-02-10,2913.54
2014-02-11,2943.33
2014-02-12,2959.48
2014-02-13,2961.45
2014-02-14,2977.08
2014-02-17,2989.48
2014-02-18,2986.28
2014-02-19,3004.65
2014-02-20,3005.97
2014-02-21,3019.44
2014-02-24,3044.76
2014-02-25,3041.71
2014-02-26,3055.8
2014-02-27,3073.61
2014-02-28,3096.91
2014-03-03,3031.22
2014-03-04,3100.84
2014-03-05,3108.09
2014-03-06,3123.1
2014-03-07,3086.63
2014-03-10,3090.8
2014-03-11,3100.85
2014-03-12,3081.82
2014-03-13,3032.17
2014-03-14,3000.9
2014-03-17,3038.89
2014-03-18,3080.42
2014-03-19,3082.98
2014-03-20,3076.63
2014-03-21,3084.36
2014-03-24,3052.28
2014-03-25,3080.97
2014-03-26,3094.76
2014-03-27,3099.93
2014-03-28,3121.63
2014-03-31,3129.94
2014-04-01,3151.6
2014-04-02,3150.27
2014-04-03,3147.13
2014-04-04,3149.35
2014-04-07,3127.52
2014-04-08,3098.07
2014-04-09,3105.16
2014-04-10,3088.9
2014-04-11,3059.55
2014-04-14,3064.37
2014-04-15,3047.11
2014-04-16,3098.71
2014-04-17,3112.43
2014-04-22,3145.54
2014-04-23,3125.99
2014-04-24,3129.31
2014-04-25,3105.9
2014-04-28,3107.92
2014-04-29,3116.27
2014-04-30,3089.8
2014-05-02,3095.66
2014-05-05,3089.06
2014-05-06,3089.51
2014-05-07,3108.02
2014-05-08,3144.79
2014-05-09,3143.88
2014-05-12,3163.55
2014-05-13,3156.38
2014-05-14,3157.51
2014-05-15,3112.0
2014-05-16,3098.15
2014-05-19,3105.37
2014-05-20,3105.36
2014-05-21,3118.46
2014-05-22,3128.26
2014-05-23,3129.86
2014-05-26,3145.61
2014-05-27,3153.97
2014-05-28,3161.85
2014-05-29,3162.09
2014-05-30,3159.1
2014-06-02,3160.56
2014-06-03,3142.58
2014-06-04,3142.93
2014-06-05,3152.34
2014-06-06,3171.51
2014-06-09,3176.59
2014-06-10,3186.07
2014-06-11,3178.17
2014-06-12,3167.93
2014-06-13,3151.84
2014-06-16,3141.83
2014-06-17,3158.91
2014-06-18,3150.75
2014-06-19,3172.78
2014-06-20,3166.15
2014-06-23,3149.1
2014-06-24,3145.44
2014-06-25,3115.43
2014-06-26,3128.88
2014-06-27,3129.88
2014-06-30,3127.21
2014-07-01,3151.82
2014-07-02,3166.29
2014-07-03,3197.43
2014-07-04,3180.12
2014-07-07,3159.72
2014-07-08,3125.06
2014-07-09,3127.66
2014-07-10,3097.19
2014-07-11,3089.07
2014-07-14,3118.95
2014-07-15,3115.38
2014-07-16,3158.64
2014-07-17,3125.3
2014-07-18,3129.24
2014-07-21,3123.84
2014-07-22,3163.81
2014-07-23,3177.0
2014-07-24,3195.53
2014-07-25,3167.27
2014-07-28,3162.56
2014-07-29,3155.16
2014-07-30,3124.83
2014-07-31,3098.74
2014-08-01,3060.49
2014-08-04,3062.45
2014-08-05,3067.63
2014-08-06,3057.37
2014-08-07,3055.96
2014-08-08,3035.96
2014-08-11,3074.35
2014-08-12,3071.15
2014-08-13,3102.96
2014-08-14,3109.83
2014-08-15,3106.45
2014-08-18,3146.67
2014-08-19,3163.92
2014-08-20,3146.33
2014-08-21,3171.32
2014-08-22,3163.23
2014-08-25,3186.61
2014-08-26,3203.76
2014-08-27,3210.07
2014-08-28,3196.56
2014-08-29,3192.72
2014-09-01,3180.69
2014-09-02,3177.88
2014-09-03,3186.76
2014-09-04,3222.83
2014-09-05,3220.18
2014-09-08,3208.66
2014-09-09,3190.24
2014-09-10,3184.18
2014-09-11,3175.42
2014-09-12,3172.76
2014-09-15,3182.14
2014-09-16,3167.46
2014-09-17,3183.4
2014-09-18,3208.22
2014-09-19,3220.4
2014-09-22,3220.44
2014-09-23,3189.41
2014-09-24,3207.75
2014-09-25,3196.9
2014-09-26,3206.49
2014-09-29,3198.25
2014-09-30,3221.4
2014-10-01,3198.61
2014-10-02,3131.84
2014-10-03,3169.72
2014-10-06,3170.65
2014-10-07,3122.08
2014-10-08,3100.04
2014-10-09,3092.71
2014-10-10,3041.99
2014-10-13,3019.53
2014-10-14,3015.37
2014-10-15,2915.58
2014-10-16,2887.73
2014-10-17,2987.93
2014-10-20,2969.96
2014-10-21,3031.45
2014-10-22,3061.75
2014-10-23,3071.41
2014-10-24,3077.81
2014-10-27,3062.63
2014-10-28,3110.32
2014-10-29,3117.58
2014-10-30,3120.71
2014-10-31,3157.15
2014-11-03,3123.9
2014-11-04,3111.96
2014-11-05,3159.83
2014-11-06,3163.89
2014-11-07,3144.59
2014-11-10,3166.13
2014-11-11,3176.04
2014-11-12,3139.64
2014-11-13,3161.43
2014-11-14,3162.45
2014-11-17,3169.88
2014-11-18,3200.01
2014-11-19,3211.01
2014-11-20,3193.24
2014-11-21,3235.23
2014-11-24,3243.85
2014-11-25,3263.98
2014-11-26,3263.81
2014-11-27,3284.27
2014-11-28,3287.91
2014-12-01,3277.21
2014-12-02,3283.92
2014-12-03,3296.68
2014-12-04,3268.36
2014-12-05,3335.69
2014-12-08,3324.67
2014-12-09,3254.51
2014-12-10,3254.78
2014-12-11,3261.96
2014-12-12,3177.22
2014-12-15,3121.81
2014-12-16,3178.31
2014-12-17,3169.83
2014-12-18,3248.62
2014-12-19,3278.69
2014-12-22,3283.48
2014-12-23,3319.71
2014-12-24,3306.81
2014-12-29,3315.13
2014-12-30,3276.41
2014-12-31,3285.26
2015-01-02,3281.61
2015-01-05,3208.15
2015-01-06,3190.24
2015-01-07,3193.83
2015-01-08,3283.22
2015-01-09,3248.19
2015-01-12,3257.98
2015-01-13,3309.64
2015-01-14,3274.03
2015-01-15,3318.75
2015-01-16,3368.38
2015-01-19,3395.92
2015-01-20,3403.04
2015-01-21,3421.97
2015-01-22,3456.95
2015-01-23,3504.61
2015-01-26,3549.96
2015-01-27,3530.8
2015-01-28,3541.21
2015-01-29,3548.39
2015-01-30,3530.31
2015-02-02,3538.52
2015-02-03,3557.03
2015-02-04,3565.79
2015-02-05,3557.19
2015-02-06,3549.96
2015-02-09,3511.57
2015-02-10,3543.84
2015-02-11,3537.86
2015-02-12,3566.91
2015-02-13,3575.54
2015-02-16,3562.39
2015-02-17,3573.59
2015-02-18,3595.82
2015-02-19,3624.97
2015-02-20,3624.7
2015-02-23,3658.12
2015-02-24,3666.8
2015-02-25,3672.08
2015-02-26,3713.84
2015-02-27,3714.44
2015-03-02,3713.39
2015-03-03,3667.25
2015-03-04,3702.16
2015-03-05,3731.38
2015-03-06,3732.58
2015-03-09,3713.65
2015-03-10,3669.46
2015-03-11,3719.78
2015-03-12,3716.18
2015-03-13,3728.33
2015-03-16,3770.48
2015-03-17,3735.88
2015-03-18,3727.92
2015-03-19,3734.35
2015-03-20,3765.8
2015-03-23,3751.58
2015-03-24,3765.41
2015-03-25,3745.13
2015-03-26,3703.13
2015-03-27,3712.81
2015-03-30,3762.9
2015-03-31,3725.82
2015-04-01,3742.62
2015-04-02,3773.31
2015-04-07,3839.11
2015-04-08,3831.09
2015-04-09,3871.66
2015-04-10,3905.71
2015-04-13,3902.74
2015-04-14,3888.86
2015-04-15,3895.02
2015-04-16,3859.43
2015-04-17,3785.49
2015-04-20,3826.28
2015-04-21,3828.36
2015-04-22,3794.29
2015-04-23,3786.28
2015-04-24,3800.13
2015-04-27,3844.26
2015-04-28,3802.25
2015-04-29,3703.43
2015-04-30,3674.18
2015-05-04,3672.52
2015-05-05,3600.2
2015-05-06,3589.0
2015-05-07,3585.26
2015-05-08,3652.87
2015-05-11,3687.19
2015-05-12,3670.56
2015-05-13,3657.91
2015-05-14,3679.9
2015-05-15,3674.05
2015-05-18,3685.78
2015-05-19,3741.68
2015-05-20,3752.09
2015-05-21,3762.08
2015-05-22,3765.9
2015-05-25,3746.3
2015-05-26,3714.72
2015-05-27,3761.09
2015-05-28,3753.62
2015-05-29,3708.66
2015-06-01,3700.43
2015-06-02,3689.59
2015-06-03,3721.76
2015-06-04,3692.07
2015-06-05,3646.69
2015-06-08,3621.89
2015-06-09,3609.88
2015-06-10,3663.76
2015-06-11,3672.07
2015-06-12,3631.76
2015-06-15,3573.19
2015-06-16,3591.25
2015-06-17,3567.51
2015-06-18,3584.11
2015-06-19,3589.07
2015-06-22,3679.44
2015-06-23,3744.68
2015-06-24,3719.88
2015-06-25,3711.31
2015-06-26,3719.44
2015-06-29,3621.09
2015-06-30,3574.7
2015-07-01,3641.09
2015-07-02,3624.27
2015-07-03,3591.97
2015-07-06,3536.87
2015-07-07,3480.86
2015-07-08,3503.1
2015-07-09,3589.22
2015-07-10,3674.6
2015-07-13,3748.87
2015-07-14,3756.25
2015-07-15,3787.6
2015-07-16,3836.47
2015-07-17,3834.35
2015-07-20,3849.12
2015-07-21,3822.62
2015-07-22,3806.09
2015-07-23,3802.38
2015-07-24,3772.62
2015-07-27,3701.38
2015-07-28,3719.4
2015-07-29,3719.38
2015-07-30,3726.85
2015-07-31,3762.64
2015-08-03,3799.34
2015-08-04,3801.21
2015-08-05,3831.25
2015-08-06,3841.48
2015-08-07,3797.04
2015-08-10,3808.97
2015-08-11,3750.84
2015-08-12,3637.13
2015-08-13,3672.35
2015-08-14,3648.08
2015-08-17,3647.06
2015-08-18,3656.13
2015-08-19,3597.43
2015-08-20,3544.02
2015-08-21,3437.23
2015-08-24,3265.59
2015-08-25,3392.12
2015-08-26,3346.19
2015-08-27,3443.67
2015-08-28,3461.33
2015-08-31,3463.12
2015-09-01,3387.69
2015-09-02,3410.4
2015-09-03,3454.98
2015-09-04,3398.66
2015-09-07,3411.58
2015-09-08,3451.23
2015-09-09,3495.01
2015-09-10,3465.58
2015-09-11,3434.17
2015-09-14,3413.06
2015-09-15,3423.34
2015-09-16,3479.95
2015-09-17,3466.96
2015-09-18,3418.37
2015-09-21,3446.42
2015-09-22,3346.05
2015-09-23,3354.85
2015-09-24,3298.02
2015-09-25,3378.52
2015-09-28,3317.89
2015-09-29,3296.76
2015-09-30,3344.5
2015-10-01,3327.19
2015-10-02,3342.93
2015-10-05,3438.17
2015-10-06,3447.09
2015-10-07,3440.02
2015-10-08,3436.18
2015-10-09,3442.77
2015-10-12,3420.95
2015-10-13,3396.55
2015-10-14,3377.02
2015-10-15,3399.62
2015-10-16,3425.61
2015-10-19,3439.42
2015-10-20,3434.0
2015-10-21,3427.15
2015-10-22,3462.3
2015-10-23,3521.52
2015-10-26,3526.03
2015-10-27,3513.69
2015-10-28,3579.36
2015-10-29,3587.02
2015-10-30,3600.2
2015-11-02,3624.18
2015-11-03,3609.8
2015-11-04,3609.71
2015-11-05,3600.24
2015-11-06,3649.19
2015-11-09,3623.84
2015-11-10,3612.97
2015-11-11,3655.69
2015-11-12,3609.24
2015-11-13,3603.18
2015-11-16,3632.44
2015-11-17,3695.04
2015-11-18,3683.38
2015-11-19,3701.84
2015-11-20,3702.62
2015-11-23,3692.64
2015-11-24,3672.45
2015-11-25,3708.69
2015-11-26,3752.71
2015-11-27,3752.79
2015-11-30,3760.89
2015-12-01,3744.1
2015-12-02,3732.94
2015-12-03,3647.71
2015-12-04,3641.28
2015-12-07,3667.12
2015-12-08,3616.98
2015-12-09,3585.39
2015-12-10,3577.98
2015-12-11,3538.54
2015-12-14,3492.9
2015-12-15,3582.18
2015-12-16,3615.45
2015-12-17,3676.09
2015-12-18,3648.77
2015-12-21,3614.23
2015-12-22,3614.72
2015-12-23,3689.51
2015-12-24,3691.71
2015-12-28,3688.4
2015-12-29,3753.05
2015-12-30,3734.02
2015-12-31,3700.3
2016-01-04,3642.79
2016-01-05,3653.18
2016-01-06,3613.69
2016-01-07,3550.71
2016-01-08,3493.98
2016-01-11,3494.14
2016-01-12,3518.44
2016-01-13,3528.1
2016-01-14,3455.01
2016-01-15,3384.2
2016-01-18,3339.75
2016-01-19,3382.48
2016-01-20,3285.15
2016-01-21,3355.89
2016-01-22,3450.99
2016-01-25,3436.15
2016-01-26,3475.05
2016-01-27,3461.09
2016-01-28,3409.37
2016-01-29,3486.22
2016-02-01,3488.53
2016-02-02,3434.8
2016-02-03,3375.43
2016-02-04,3348.42
2016-02-05,3305.69
2016-02-08,3191.55
2016-02-09,3168.29
2016-02-10,3220.14
2016-02-11,3130.76
2016-02-12,3203.66
2016-02-15,3298.59
2016-02-16,3296.23
2016-02-17,3376.32
2016-02-18,3344.56
2016-02-19,3330.16
2016-02-22,3376.43
2016-02-23,3344.59
2016-02-24,3279.73
2016-02-25,3338.07
2016-02-26,3370.6
2016-02-29,3371.82
2016-03-01,3428.35
2016-03-02,3427.43
2016-03-03,3416.57
2016-03-04,3418.58
2016-03-07,3398.22
2016-03-08,3371.19
2016-03-09,3384.61
2016-03-10,3355.04
2016-03-11,3425.8
2016-03-14,3446.87
2016-03-15,3419.61
2016-03-16,3437.88
2016-03-17,3405.3
2016-03-18,3420.05
2016-03-21,3419.14
2016-03-22,3424.92
2016-03-23,3428.53
2016-03-24,3368.9
2016-03-29,3382.32
2016-03-30,3419.38
2016-03-31,3373.04
2016-04-01,3357.08
2016-04-04,3375.79
2016-04-05,3321.61
2016-04-06,3345.37
2016-04-07,3319.99
2016-04-08,3354.06
2016-04-11,3369.0
2016-04-12,3370.69
2016-04-13,3437.85
2016-04-14,3457.9
2016-04-15,3458.5
2016-04-18,3466.82
2016-04-19,3497.63
2016-04-20,3500.09
2016-04-21,3490.38
2016-04-22,3498.68
2016-04-25,3467.9
2016-04-26,3471.15
2016-04-27,3479.58
2016-04-28,3476.78
2016-04-29,3409.37
2016-05-02,3421.41
2016-05-03,3380.42
2016-05-04,3333.99
2016-05-05,3328.01
2016-05-06,3325.86
2016-05-09,3335.9
2016-05-10,3363.19
2016-05-11,3342.88
2016-05-12,3349.24
2016-05-13,3376.83
2016-05-16,3366.42
2016-05-17,3350.72
2016-05-18,3353.17
2016-05-19,3342.95
2016-05-20,3390.34
2016-05-23,3387.7
2016-05-24,3443.92
2016-05-25,3491.99
2016-05-26,3516.08
2016-05-27,3523.47
2016-05-30,3535.14
2016-05-31,3514.06
2016-06-01,3504.27
2016-06-02,3512.48
2016-06-03,3490.55
2016-06-06,3490.55
2016-06-07,3546.81
2016-06-08,3543.5
2016-06-09,3518.79
2016-06-10,3441.6
2016-06-13,3366.63
2016-06-14,3306.59
2016-06-15,3321.71
2016-06-16,3291.8
2016-06-17,3339.69
2016-06-20,3432.18
2016-06-21,3452.78
2016-06-22,3452.83
2016-06-23,3498.04
2016-06-24,3274.19
2016-06-27,3141.13
2016-06-28,3209.49
2016-06-29,3297.76
2016-06-30,3345.63
2016-07-01,3363.98
2016-07-04,3337.73
2016-07-05,3283.98
2016-07-06,3236.01
2016-07-07,3257.77
2016-07-08,3319.64
2016-07-11,3361.17
2016-07-12,3393.52
2016-07-13,3390.32
2016-07-14,3418.44
2016-07-15,3410.91
2016-07-18,3412.47
2016-07-19,3410.24
2016-07-20,3431.32
2016-07-21,3428.9
2016-07-22,3450.27
2016-07-25,3451.08
2016-07-26,3456.96
2016-07-27,3453.66
2016-07-28,3418.19
2016-07-29,3464.84
2016-08-01,3426.38
2016-08-02,3365.38
2016-08-03,3401.21
2016-08-04,3427.34
2016-08-05,3464.82
2016-08-08,3464.39
2016-08-09,3493.77
2016-08-10,3490.52
2016-08-11,3535.39
2016-08-12,3544.82
2016-08-15,3563.25
2016-08-16,3524.4
2016-08-17,3495.52
2016-08-18,3518.09
2016-08-19,3502.53
2016-08-22,3510.61
2016-08-23,3545.22
2016-08-24,3554.73
2016-08-25,3534.84
2016-08-26,3550.11
2016-08-29,3541.59
2016-08-30,3556.78
2016-08-31,3553.37
2016-09-01,3559.58
2016-09-02,3632.4
2016-09-05,3637.26
2016-09-06,3629.67
2016-09-07,3635.51
2016-09-08,3620.85
2016-09-09,3582.28
2016-09-12,3546.86
2016-09-13,3506.77
2016-09-14,3502.93
2016-09-15,3522.74
2016-09-16,3509.18
2016-09-19,3536.28
2016-09-20,3540.96
2016-09-21,3566.47
2016-09-22,3616.08
2016-09-23,3604.27
2016-09-26,3551.45
2016-09-27,3547.89
2016-09-28,3571.02
2016-09-29,3549.53
2016-09-30,3555.92
2016-10-03,3543.02
2016-10-04,3565.23
2016-10-05,3562.25
2016-10-06,3559.59
2016-10-07,3526.21
2016-10-10,3551.64
2016-10-11,3544.03
2016-10-12,3525.37
2016-10-13,3505.9
2016-10-14,3555.49
2016-10-17,3548.74
2016-10-18,3592.97
2016-10-19,3599.4
2016-10-20,3610.4
2016-10-21,3588.3
2016-10-24,3594.89
2016-10-25,3588.02
2016-10-26,3570.63
2016-10-27,3587.64
2016-10-28,3559.21
2016-10-31,3540.56
2016-11-01,3500.11
2016-11-02,3457.02
2016-11-03,3454.53
2016-11-04,3439.55
2016-11-07,3477.89
2016-11-08,3489.28
2016-11-09,3538.93
2016-11-10,3491.05
2016-11-11,3491.41
2016-11-14,3495.01
2016-11-15,3486.33
2016-11-16,3466.27
2016-11-17,3469.32
2016-11-18,3426.21
2016-11-21,3447.61
2016-11-22,3473.83
2016-11-23,3467.94
2016-11-24,3473.25
2016-11-25,3492.77
2016-11-28,3463.14
2016-11-29,3469.34
2016-11-30,3478.63
2016-12-01,3450.44
2016-12-02,3427.61
2016-12-05,3462.74
2016-12-06,3525.76
2016-12-07,3531.83
2016-12-08,3565.45
2016-12-09,3557.53
2016-12-12,3547.83
2016-12-13,3581.27
2016-12-14,3545.94
2016-12-15,3569.65
2016-12-16,3582.55
2016-12-19,3576.19
2016-12-20,3605.27
2016-12-21,3599.36
2016-12-22,3596.92
2016-12-23,3599.79
2016-12-27,3606.66
2016-12-28,3608.89
2016-12-29,3601.09
2016-12-30,3606.36
2017-01-02,3630.22
2017-01-03,3657.05
2017-01-04,3665.69
2017-01-05,3658.69
2017-01-06,3665.5
2017-01-09,3638.86
2017-01-10,3632.02
2017-01-11,3619.49
2017-01-12,3588.85
2017-01-13,3634.44
2017-01-16,3594.58
2017-01-17,3588.31
2017-01-18,3584.29
2017-01-19,3593.97
2017-01-20,3588.53
2017-01-23,3562.43
2017-01-24,3559.45
2017-01-25,3605.05
2017-01-26,3610.21
2017-01-27,3605.3
2017-01-30,3564.95
2017-01-31,3542.27
2017-02-01,3575.2
2017-02-02,3586.83
2017-02-03,3606.16
2017-02-06,3578.1
2017-02-07,3589.71
2017-02-08,3584.03
2017-02-09,3611.67
2017-02-10,3590.95
2017-02-13,3617.6
2017-02-14,3624.19
2017-02-15,3618.56
2017-02-16,3619.27
2017-02-17,3610.44
2017-02-20,3619.14
2017-02-21,3628.41
2017-02-22,3623.64
2017-02-23,3607.37
2017-02-24,3575.75
2017-02-27,3575.46
2017-02-28,3584.13
2017-03-01,3660.51
2017-03-02,3668.37
2017-03-03,3702.86
2017-03-06,3687.06
2017-03-07,3684.13
2017-03-08,3699.47
2017-03-09,3744.54
2017-03-10,3764.65
2017-03-13,3771.04
2017-03-14,3750.83
2017-03-15,3759.81
2017-03-16,3778.13
2017-03-17,3799.86
2017-03-20,3791.12
2017-03-21,3759.44
2017-03-22,3730.01
2017-03-23,3763.1
2017-03-24,3747.43
2017-03-27,3739.54
2017-03-28,3768.85
2017-03-29,3787.54
2017-03-30,3795.27
2017-03-31,3817.02
2017-04-03,3800.44
2017-04-04,3805.12
2017-04-05,3808.75
2017-04-06,3820.8
2017-04-07,3819.44
2017-04-10,3822.08
2017-04-11,3807.6
2017-04-12,3807.72
2017-04-13,3790.76
2017-04-18,3745.95
2017-04-19,3770.43
2017-04-20,3770.28
2017-04-21,3770.45
2017-04-24,3887.87
2017-04-25,3889.69
2017-04-26,3890.83
2017-04-27,3882.69
2017-04-28,3875.53
2017-05-02,3909.88
2017-05-03,3932.86
2017-05-04,4003.66
2017-05-05,4037.94
2017-05-08,4037.23
2017-05-09,4036.8
2017-05-10,4041.03
2017-05-11,4004.17
2017-05-12,4008.34
2017-05-15,4023.65
2017-05-16,4010.58
2017-05-17,3954.11
2017-05-18,3906.04
2017-05-19,3949.44
2017-05-22,3895.83
2017-05-23,3914.82
2017-05-24,3902.71
2017-05-25,3894.37
2017-05-26,3900.93
2017-05-29,3893.48
2017-05-30,3890.84
2017-05-31,3888.32
2017-06-01,3897.29
2017-06-02,3915.04
2017-06-05,3900.35
2017-06-06,3878.26
2017-06-07,3906.81
2017-06-08,3918.23
2017-06-09,3946.42
2017-06-12,3899.49
2017-06-13,3910.86
2017-06-14,3902.48
2017-06-15,3888.87
2017-06-16,3908.43
2017-06-19,3935.27
2017-06-20,3910.2
2017-06-21,3869.94
2017-06-22,3853.35
2017-06-23,3843.76
2017-06-26,3861.74
2017-06-27,3839.85
2017-06-28,3839.51
2017-06-29,3796.57
2017-06-30,3793.62
2017-07-03,3839.91
2017-07-04,3834.97
2017-07-05,3838.97
2017-07-06,3822.94
2017-07-07,3835.83
2017-07-10,3845.08
2017-07-11,3824.74
2017-07-12,3867.48
2017-07-13,3894.58
2017-07-14,3902.78
2017-07-17,3909.23
2017-07-18,3872.44
2017-07-19,3901.39
2017-07-20,3900.59
2017-07-21,3883.47
2017-07-24,3872.66
2017-07-25,3901.76
2017-07-26,3952.7
2017-07-27,3985.6
2017-07-28,3944.56
2017-07-31,3942.46
2017-08-01,3960.36
2017-08-02,3938.16
2017-08-03,3949.0
2017-08-04,3969.99
2017-08-07,3960.03
2017-08-08,3965.63
2017-08-09,3926.58
2017-08-10,3904.93
2017-08-11,3866.47
2017-08-14,3909.48
2017-08-15,3932.21
2017-08-16,3954.08
2017-08-17,3943.74
2017-08-18,3924.78
2017-08-21,3902.17
2017-08-22,3930.75
2017-08-23,3909.7
2017-08-24,3917.99
2017-08-25,3905.71
2017-08-28,3884.55
2017-08-29,3846.6
2017-08-30,3873.58
2017-08-31,3887.55
2017-09-01,3901.42
2017-09-04,3884.47
2017-09-05,3883.69
2017-09-06,3890.55
2017-09-07,3921.94
2017-09-08,3938.24
2017-09-11,3977.54
2017-09-12,3995.2
2017-09-13,3989.13
2017-09-14,3989.41
2017-09-15,3967.52
2017-09-18,3968.31
2017-09-19,3973.03
2017-09-20,3965.49
2017-09-21,3968.67
2017-09-22,3957.96
2017-09-25,3963.2
2017-09-26,3968.48
2017-09-27,3986.81
2017-09-28,4001.31
2017-09-29,4017.75
2017-10-02,4031.64
2017-10-03,4045.32
2017-10-04,4044.39
2017-10-05,4064.18
2017-10-06,4047.37
2017-10-09,4054.4
2017-10-10,4055.24
2017-10-11,4059.04
2017-10-12,4070.68
2017-10-13,4069.91
2017-10-16,4060.79
2017-10-17,4068.77
2017-10-18,4075.25
2017-10-19,4066.02
2017-10-20,4082.98
2017-10-23,4089.84
2017-10-24,4080.04
2017-10-25,4048.5
2017-10-26,4089.7
2017-10-27,4092.16
2017-10-30,4078.68
2017-10-31,4096.38
2017-11-01,4116.5
2017-11-02,4102.26
2017-11-03,4112.55
2017-11-06,4118.51
2017-11-07,4097.64
2017-11-08,4085.49
2017-11-09,4043.49
2017-11-10,4026.26
2017-11-13,4007.57
2017-11-14,3984.63
2017-11-15,3963.83
2017-11-16,3991.86
2017-11-17,3954.04
2017-11-20,3962.24
2017-11-21,3970.62
2017-11-22,3969.19
2017-11-23,3978.19
2017-11-24,3985.46
2017-11-27,3971.24
2017-11-28,3985.66
2017-11-29,3999.41
2017-11-30,3984.1
2017-12-01,3964.28
2017-12-04,4001.11
2017-12-05,3999.67
2017-12-06,3979.75
2017-12-07,3994.73
2017-12-08,4025.75
2017-12-11,4019.19
2017-12-12,4033.58
2017-12-13,4002.21
2017-12-14,3985.22
2017-12-15,3992.27
2017-12-18,4024.65
2017-12-19,4020.87
2017-12-20,3994.68
2017-12-21,3996.0
2017-12-22,3995.05
2017-12-27,4003.07
2017-12-28,3991.36
2017-12-29,3977.88
2018-01-02,3979.53
2018-01-03,4005.61
2018-01-04,4057.92
2018-01-05,4097.04
2018-01-08,4114.53
2018-01-09,4141.64
2018-01-10,4157.55
2018-01-11,4155.31
2018-01-12,4164.12
2018-01-15,4164.45
2018-01-16,4163.96
2018-01-17,4148.6
2018-01-18,4142.06
2018-01-19,4159.09
2018-01-22,4176.88
2018-01-23,4161.99
2018-01-24,4146.75
2018-01-25,4144.23
2018-01-26,4162.01
2018-01-29,4155.19
2018-01-30,4126.57
2018-01-31,4111.65
2018-02-01,4103.63
2018-02-02,4053.59
2018-02-05,3997.59
2018-02-06,3896.59
2018-02-07,3991.9
2018-02-08,3911.96
2018-02-09,3876.33
2018-02-12,3918.18
2018-02-13,3884.71
2018-02-14,3892.16
2018-02-15,3910.11
2018-02-16,3941.19
2018-02-19,3922.46
2018-02-20,3938.62
2018-02-21,3950.27
2018-02-22,3978.85
2018-02-23,3972.53
2018-02-26,3992.5
2018-02-27,4010.17
2018-02-28,3994.45
2018-03-01,3943.85
2018-03-02,3869.18
2018-03-05,3907.04
2018-03-06,3916.41
2018-03-07,3929.2
2018-03-08,3974.52
2018-03-09,3987.04
2018-03-12,4002.47
2018-03-13,3970.47
2018-03-14,3929.31
2018-03-15,3950.78
2018-03-16,3961.55
2018-03-19,3920.64
2018-03-20,3935.78
2018-03-21,3925.78
2018-03-22,3858.5
2018-03-23,3816.96
2018-03-26,3797.02
2018-03-27,3824.42
2018-03-28,3852.37
2018-03-29,3857.1
2018-04-03,3831.43
2018-04-04,3808.28
2018-04-05,3889.02
2018-04-06,3870.07
2018-04-09,3870.65
2018-04-10,3887.91
2018-04-11,3856.6
2018-04-12,3883.82
2018-04-13,3888.32
2018-04-16,3868.18
2018-04-17,3899.72
2018-04-18,3910.46
2018-04-19,3911.78
2018-04-20,3921.2
2018-04-23,3933.64
2018-04-24,3931.59
2018-04-25,3893.07
2018-04-26,3908.15
2018-04-27,3912.92
2018-04-30,3910.3
2018-05-02,3920.9
2018-05-03,3871.94
2018-05-04,3894.6
2018-05-07,3889.26
2018-05-08,3910.63
2018-05-09,3893.0
2018-05-10,3884.54
2018-05-11,3884.4
2018-05-14,3885.74
2018-05-15,3876.57
2018-05-16,3857.69
2018-05-17,3898.57
2018-05-18,3891.11
2018-05-21,3904.98
2018-05-22,3916.78
2018-05-23,3887.18
2018-05-24,3860.06
2018-05-25,3857.06
2018-05-28,3832.86
2018-05-29,3760.51
2018-05-30,3784.65
2018-05-31,3764.22
2018-06-01,3809.22
2018-06-04,3834.9
2018-06-05,3799.15
2018-06-06,3791.13
2018-06-07,3791.97
2018-06-08,3770.97
2018-06-11,3814.28
2018-06-12,3816.79
2018-06-13,3813.94
2018-06-14,3830.53
2018-06-15,3803.26
2018-06-18,3762.96
2018-06-19,3745.8
2018-06-20,3750.15
2018-06-21,3727.54
2018-06-22,3763.57
2018-06-25,3710.49
2018-06-26,3709.84
2018-06-27,3729.11
2018-06-28,3702.24
2018-06-29,3719.86
2018-07-02,3697.28
2018-07-03,3715.36
2018-07-04,3720.1
2018-07-05,3747.23
2018-07-06,3770.67
2018-07-09,3797.06
2018-07-10,3803.54
2018-07-11,3779.78
2018-07-12,3801.34
2018-07-13,3804.08
2018-07-16,3806.67
2018-07-17,3817.64
2018-07-18,3820.41
2018-07-19,3809.43
2018-07-20,3815.16
2018-07-23,3832.28
2018-07-24,3862.47
2018-07-25,3863.86
2018-07-26,3874.95
2018-07-27,3925.63
2018-07-30,3915.53
2018-07-31,3899.04
2018-08-01,3894.62
2018-08-02,3862.26
2018-08-03,3874.11
2018-08-06,3866.55
2018-08-07,3884.33
2018-08-08,3863.68
2018-08-09,3888.81
2018-08-10,3818.94
2018-08-13,3801.93
2018-08-14,3810.4
2018-08-15,3759.82
2018-08-16,3775.64
2018-08-17,3768.5
2018-08-20,3787.71
2018-08-21,3800.44
2018-08-22,3800.1
2018-08-23,3799.09
2018-08-24,3805.57
2018-08-27,3820.86
2018-08-28,3816.01
2018-08-29,3817.46
2018-08-30,3781.68
2018-08-31,3740.71
2018-09-03,3729.6
2018-09-04,3705.22
2018-09-05,3671.46
2018-09-06,3651.88
2018-09-07,3640.78
2018-09-10,3668.36
2018-09-11,3668.85
2018-09-12,3690.99
2018-09-13,3692.36
2018-09-14,3709.56
2018-09-17,3714.8
2018-09-18,3730.87
2018-09-19,3732.05
2018-09-20,3768.83
2018-09-21,3774.89
2018-09-24,3747.22
2018-09-25,3750.81
2018-09-26,3743.58
2018-09-27,3741.18
2018-09-28,3706.74
2018-10-01,3715.02
2018-10-02,3702.44
2018-10-03,3745.44
2018-10-04,3714.75
2018-10-05,3686.66
2018-10-08,3639.22
2018-10-09,3653.13
2018-10-10,3575.34
2018-10-11,3502.78
2018-10-12,3505.03
2018-10-15,3506.48
2018-10-16,3563.94
2018-10-17,3559.97
2018-10-18,3538.08
2018-10-19,3521.27
2018-10-22,3510.38
2018-10-23,3437.39
2018-10-24,3427.72
2018-10-25,3400.02
2018-10-26,3373.51
2018-10-29,3406.02
2018-10-30,3396.49
2018-10-31,3447.07
2018-11-01,3503.26
2018-11-02,3521.93
2018-11-05,3508.34
2018-11-06,3498.06
2018-11-07,3561.87
2018-11-08,3552.23
2018-11-09,3556.31
2018-11-12,3523.71
2018-11-13,3548.61
2018-11-14,3538.83
2018-11-15,3526.18
2018-11-16,3529.82
2018-11-19,3503.4
2018-11-20,3430.47
2018-11-21,3471.36
2018-11-22,3426.89
2018-11-23,3441.43
2018-11-26,3475.27
2018-11-27,3484.43
2018-11-28,3474.0
2018-11-29,3491.99
2018-11-30,3487.9
2018-12-03,3526.67
2018-12-04,3482.91
2018-12-05,3442.56
2018-12-06,3324.8
2018-12-07,3344.59
2018-12-10,3286.92
2018-12-11,3334.79
2018-12-12,3401.24
2018-12-13,3401.22
2018-12-14,3384.29
2018-12-17,3331.26
2018-12-18,3316.68
2018-12-19,3326.84
2018-12-20,3247.47
2018-12-21,3240.98
2018-12-24,3210.08
2018-12-27,3164.98
2018-12-28,3209.0
2018-12-31,3243.63
2019-01-02,3223.14
2019-01-03,3221.5
2019-01-04,3317.05
2019-01-07,3340.78
2019-01-08,3382.97
2019-01-09,3404.26
2019-01-10,3413.16
2019-01-11,3411.73
2019-01-14,3394.55
2019-01-15,3422.0
2019-01-16,3446.97
2019-01-17,3429.72
2019-01-18,3483.48
2019-01-21,3465.29
2019-01-22,3449.2
2019-01-23,3457.39
2019-01-24,3458.28
2019-01-25,3496.96
2019-01-28,3466.66
2019-01-29,3477.6
2019-01-30,3488.4
2019-01-31,3491.62
2019-02-01,3507.84
2019-02-04,3506.82
2019-02-05,3559.27
2019-02-06,3577.77
2019-02-07,3514.1
2019-02-08,3473.73
2019-02-11,3496.38
2019-02-12,3526.94
2019-02-13,3535.15
2019-02-14,3520.9
2019-02-15,3567.98
2019-02-18,3593.4
2019-02-19,3585.48
2019-02-20,3615.86
2019-02-21,3586.15
2019-02-22,3572.82
2019-02-25,3587.52
2019-02-26,3604.8
2019-02-27,3595.61
2019-02-28,3604.48
2019-03-01,3644.14
2019-03-04,3642.13
2019-03-05,3641.14
2019-03-06,3605.8
2019-03-07,3573.23
2019-03-08,3536.61
2019-03-11,3568.87
2019-03-12,3579.58
2019-03-13,3597.41
2019-03-14,3609.64
2019-03-15,3640.26
2019-03-18,3660.8
2019-03-19,3688.49
2019-03-20,3655.64
2019-03-21,3654.66
2019-03-22,3588.73
2019-03-25,3560.68
2019-03-26,3591.57
2019-03-27,3614.57
2019-03-28,3601.07
2019-03-29,3658.72
2019-04-01,3713.6
2019-04-02,3736.78
2019-04-03,3772.7
2019-04-04,3782.22
2019-04-05,3805.39
2019-04-08,3793.08
2019-04-09,3790.21
2019-04-10,3778.3
2019-04-11,3807.74
2019-04-12,3845.05
2019-04-15,3846.78
2019-04-16,3860.17
2019-04-17,3846.82
2019-04-18,3852.3
2019-04-23,3806.98
2019-04-24,3752.2
2019-04-25,3713.72
2019-04-26,3727.62
2019-04-29,3737.82
2019-04-30,3743.67
2019-05-02,3718.03
2019-05-03,3715.37
2019-05-06,3681.8
2019-05-07,3595.96
2019-05-08,3574.86
2019-05-09,3492.39
2019-05-10,3504.03
2019-05-13,3452.17
2019-05-14,3495.15
2019-05-15,3493.82
2019-05-16,3544.18
2019-05-17,3511.46
2019-05-20,3476.49
2019-05-21,3494.94
2019-05-22,3488.75
2019-05-23,3445.09
2019-05-24,3472.34
2019-05-27,3474.83
2019-05-28,3488.32
2019-05-29,3432.61
2019-05-30,3455.5
2019-05-31,3427.18
2019-06-03,3420.05
2019-06-04,3458.39
2019-06-05,3454.5
2019-06-06,3440.37
2019-06-07,3457.47
2019-06-10,3483.96
2019-06-11,3516.28
2019-06-12,3500.78
2019-06-13,3492.15
2019-06-14,3463.71
2019-06-17,3450.81
2019-06-18,3513.07
2019-06-19,3525.56
2019-06-20,3518.52
2019-06-21,3505.48
2019-06-24,3498.32
2019-06-25,3498.23
2019-06-26,3497.32
2019-06-27,3513.47
2019-06-28,3547.46
2019-07-01,3578.14
2019-07-02,3596.79
2019-07-03,3641.23
2019-07-04,3657.65
2019-07-05,3643.73
2019-07-08,3608.59
2019-07-09,3587.91
2019-07-10,3589.73
2019-07-11,3571.13
2019-07-12,3578.37
2019-07-15,3622.64
2019-07-16,3649.64
2019-07-17,3626.13
2019-07-18,3620.71
2019-07-19,3652.42
2019-07-22,3680.49
2019-07-23,3723.58
2019-07-24,3726.47
2019-07-25,3735.16
2019-07-26,3735.95
2019-07-29,3735.36
2019-07-30,3673.09
2019-07-31,3701.43
2019-08-01,3729.97
2019-08-02,3613.0
2019-08-05,3525.89
2019-08-06,3505.49
2019-08-07,3526.05
2019-08-08,3574.42
2019-08-09,3534.57
2019-08-12,3507.31
2019-08-13,3519.2
2019-08-14,3454.2
2019-08-15,3443.34
2019-08-16,3498.39
2019-08-19,3522.42
2019-08-20,3488.17
2019-08-21,3525.25
2019-08-22,3510.11
2019-08-23,3479.2
2019-08-26,3487.04
2019-08-27,3502.19
2019-08-28,3490.82
2019-08-29,3526.12
2019-08-30,3570.81
2019-09-02,3573.3
2019-09-03,3562.43
2019-09-04,3588.53
2019-09-05,3619.54
2019-09-06,3617.11
2019-09-09,3647.75
2019-09-10,3663.66
2019-09-11,3677.36
2019-09-12,3697.66
2019-09-13,3730.24
2019-09-16,3700.19
2019-09-17,3690.84
2019-09-18,3680.09
2019-09-19,3705.62
2019-09-20,3738.72
2019-09-23,3693.47
2019-09-24,3678.16
2019-09-25,3678.88
2019-09-26,3697.73
2019-09-27,3712.08
2019-09-30,3714.42
2019-10-01,3666.14
2019-10-02,3566.37
2019-10-03,3574.76
2019-10-04,3610.64
2019-10-07,3628.92
2019-10-08,3592.12
2019-10-09,3607.55
2019-10-10,3657.77
2019-10-11,3727.92
2019-10-14,3713.56
2019-10-15,3757.24
2019-10-16,3761.02
2019-10-17,3776.41
2019-10-18,3757.78
2019-10-21,3784.04
2019-10-22,3768.48
2019-10-23,3760.28
2019-10-24,3791.66
2019-10-25,3752.35
2019-10-28,3770.84
2019-10-29,3763.93
2019-10-30,3767.32
2019-10-31,3763.25
2019-11-01,3794.8
2019-11-04,3829.2
2019-11-05,3851.87
2019-11-06,3859.71
2019-11-07,3878.14
2019-11-08,3876.94
2019-11-11,3868.27
2019-11-12,3898.48
2019-11-13,3878.37
2019-11-14,3870.27
2019-11-15,3894.25
2019-11-18,3905.52
2019-11-19,3897.44
2019-11-20,3896.19
2019-11-21,3873.93
2019-11-22,3878.93
2019-11-25,3902.93
2019-11-26,3904.31
2019-11-27,3912.38
2019-11-28,3914.86
2019-11-29,3906.68
2019-12-02,3864.11
2019-12-03,3841.33
2019-12-04,3889.41
2019-12-05,3887.14
2019-12-06,3929.05
2019-12-09,3942.51
2019-12-10,3927.63
2019-12-11,3920.85
2019-12-12,3931.65
2019-12-13,3936.1
2019-12-16,3977.89
2019-12-17,3963.81
2019-12-18,3967.68
2019-12-19,3985.29
2019-12-20,3992.93
2019-12-23,3989.61
2019-12-24,3992.13
2019-12-27,3996.35
2019-12-30,3967.18
2019-12-31,3955.83
2020-01-02,4015.93
2020-01-03,3994.61
2020-01-06,3971.78
2020-01-07,3984.73
2020-01-08,3980.69
2020-01-09,4013.98
2020-01-10,4009.88
2020-01-13,3984.58
2020-01-14,3990.63
2020-01-15,3970.72
2020-01-16,3987.78
2020-01-17,4007.2
2020-01-20,4012.67
2020-01-21,4018.85
2020-01-22,4015.71
2020-01-23,3978.3
2020-01-24,4002.84
2020-01-27,3903.5
2020-01-28,3956.11
2020-01-29,3965.01
2020-01-30,3927.86
2020-01-31,3907.61
2020-02-03,3929.27
2020-02-04,4039.92
2020-02-05,4103.04
2020-02-06,4140.23
2020-02-07,4095.2
2020-02-10,4101.8
2020-02-11,4152.3
2020-02-12,4184.27
2020-02-13,4182.78
2020-02-14,4185.44
2020-02-17,4198.31
2020-02-18,4164.5
2020-02-19,4139.26
2020-02-20,4119.04
2020-02-21,4078.44
2020-02-24,3917.64
2020-02-25,3828.4
2020-02-26,3830.34
2020-02-27,3639.51
2020-02-28,3488.6
2020-03-02,3523.24
2020-03-03,3575.13
2020-03-04,3597.98
2020-03-05,3544.83
2020-03-06,3435.09
2020-03-09,3174.81
2020-03-10,3155.6
2020-03-11,3148.41
2020-03-12,2701.0
2020-03-13,2732.8
2020-03-16,2535.58
2020-03-17,2528.77
2020-03-18,2576.21
2020-03-19,2636.02
2020-03-20,2771.49
2020-03-23,2664.1
2020-03-24,2867.59
2020-03-25,2919.65
2020-03-26,3004.43
2020-03-27,2862.79
2020-03-30,2826.94
2020-03-31,2901.58
2020-04-01,2839.42
2020-04-02,2895.4
2020-04-03,2857.05
2020-04-06,2969.8
2020-04-07,3033.57
2020-04-08,3055.32
2020-04-09,3092.39
2020-04-14,3057.66
2020-04-15,2920.82
2020-04-16,2925.16
2020-04-17,3015.41
2020-04-20,3021.85
2020-04-21,2908.09
2020-04-22,2950.37
2020-04-23,3017.76
2020-04-24,2942.98
2020-04-27,3036.44
2020-04-28,3121.32
2020-04-29,3196.12
2020-04-30,3099.12
2020-05-04,2952.22
2020-05-05,3006.29
2020-05-06,2998.46
2020-05-07,3052.55
2020-05-08,3058.66
2020-05-11,3060.0
2020-05-12,3067.8
2020-05-13,2973.77
2020-05-14,2899.51
2020-05-15,2932.21
2020-05-18,3026.69
2020-05-19,2960.89
2020-05-20,2994.7
2020-05-21,2940.62
2020-05-22,2962.73
2020-05-25,3003.88
2020-05-26,3165.46
2020-05-27,3234.07
2020-05-28,3281.9
2020-05-29,3202.95
2020-06-01,3268.03
2020-06-02,3320.42
2020-06-03,3427.24
2020-06-04,3449.89
2020-06-05,3540.0
2020-06-08,3535.11
2020-06-09,3487.33
2020-06-10,3442.66
2020-06-11,3271.68
2020-06-12,3296.63
2020-06-15,3339.35
2020-06-16,3447.65
